日付	祝日・行事名	禁酒区分	解説・注意点
毎日・通年	日常のアルコール販売時間規制（タイ王国アルコール規制法 B.E. 2551）	時間帯限定販売（11:00-14:00、17:00-24:00のみOK）	コンビニ、スーパー、飲食店含む全土。14:00〜17:00および深夜24:00〜翌朝11:00は販売禁止（レジ通過不可）。違反店は懲役6ヶ月以下または罰金1万バーツ以下。国際空港出国免税店等一部除外。
陰暦3月満月日（2月中旬〜下旬）	万仏節（マカブーチャ / วันมาฆบูชา / Makha Bucha Day）	終日完全禁酒（当日00:00〜24:00 / 24時間）	1,250人の阿羅漢が奇跡的に集結した仏教聖日。前夜24:00〜当日24:00まで全土で販売・提供禁止。バー等休業。寺院で夜間蝋燭行進（ウィアンティエン）。
4月6日（固定）	チャクリー王朝記念日（วันจักรี / Chakri Memorial Day）	通常販売（規定時間通り購入可）	ラーマ1世による現チャクリー王朝創設とバンコク遷都を記念する国家祝日。仏教戒律日ではないため通常時間帯（11:00-14:00, 17:00-24:00）で購入・飲食可。
4月13日〜15日（固定3連休）	ソンクラーン（タイ正月水掛け祭り / วันสงกรานต์ / Songkran Festival）	通常販売（規定時間通り・エリア規制あり）	タイの伝統旧正月。祝日自体は終日禁酒ではないが、事故・治安対策のため公道、パレード会場、寺院、学校周辺等での飲酒・販売は厳格禁止。通常時間帯のみ購入可。
陰暦6月満月日（5月中旬〜下旬）	仏誕節（ウィサーカブーチャ / วันวิสาขบูชา / Visakha Bucha Day）	終日完全禁酒（当日00:00〜24:00 / 24時間）	仏陀の「生誕・成道・入滅」が重なった仏教最高峰の聖日（ユネスコ国際祝日）。24時間全土で販売・提供禁止。繁華街バー・パブも休業・自粛。
陰暦8月満月日（7月中旬〜下旬）	三宝節（アサラハブーチャ / วันอาสาฬหบูชา / Asahna Bucha Day）	終日完全禁酒（当日00:00〜24:00 / 24時間）	仏陀が最初の説教（初転法輪）を行い「仏・法・僧」の三宝が成立した聖日。終日販売禁止。翌日の入安居と合わせて2日連続の禁酒日となる。
陰暦8月16日（三宝節の翌日）	入安居（カオパンサー / วันเข้าพรรษา / Buddhist Lent Day）	終日完全禁酒（当日00:00〜24:00 / 24時間）	僧侶が雨季3ヶ月の寺院籠り修行に入る日。三宝節に続き2日連続で酒類販売禁止。タイ保健省による全国的な「雨安居禁酒キャンペーン」開始。
陰暦11月満月日（10月中旬〜下旬）	出安居（オークパンサー / วันออกพรรษา / End of Buddhist Lent）	終日完全禁酒（当日00:00〜24:00 / 24時間）	雨安居修行が明ける日。一般官公庁祝日ではないが、首相府令告示に基づく「法定終日禁酒日」。寺院への僧衣布施（トード・カティン）期間開始。
選挙日程による（期日前・本投票）	国政選挙・地方自治体選挙投票日（วันเลือกตั้ง / Election Days）	選挙指定禁酒（前日18:00〜当日18:00 / 24時間）	選挙法に基づき、公正な投票維持と買収防止のため、期日前投票日・本投票日ともに前日18:00から当日18:00まで24時間全域で酒類販売・提供・配布が厳禁。
