ID	銘柄名	タイ文字表記	タイ文字表記区分	名称の要点	ジャンル	酒類大分類	産地	主原料	度数(ABV・目安)	味わい	おすすめの飲み方	レア度	製造者・ブランド	確認状態	タイ語検索判定	推奨対応	精査メモ	出典URL	Google画像検索URL	公開用解説	レコード種別	親ブランド	タイ国内生産	国内生産確認根拠
1	Hma Jai Dam / Maa Jai Dum	หมาใจดำ	ブランド自身のタイ語表記	チェンマイ発のクラフトスピリッツブランド	クラフトスピリッツ	ブランド	チェンマイ					地域限定	หมาใจดำ	確認済み	タイ語資料でブランドと複数商品を確認	掲載候補	ブランド総称の行。個別商品は親ブランド欄で紐づける。	https://gooloochiangmai.com/?p=26841	https://www.google.com/search?tbm=isch&q=%E0%B8%AB%E0%B8%A1%E0%B8%B2%E0%B9%83%E0%B8%88%E0%B8%94%E0%B8%B3%20%E0%B8%AA%E0%B8%B8%E0%B8%A3%E0%B8%B2	Hma Jai Dam / Maa Jai Dum（หมาใจดำ）は、チェンマイに関連するクラフトスピリッツ。チェンマイ発のクラフトスピリッツブランド。	ブランド／生産者		確認済み	https://gooloochiangmai.com/?p=26841
2	Maa Jai Dum Flowery	หมาใจดำดอกไม้	タイ語資料で確認	花を示す「ดอกไม้」を冠したチェンマイの銘柄	地域蒸留酒	蒸留酒	チェンマイ					地域限定		確認済み	タイ語資料で商品名と地域を確認	掲載候補	旧版の説明は使わず、確認できた名称と地域だけを採用。	https://gooloochiangmai.com/?p=26841	https://www.google.com/search?tbm=isch&q=%E0%B8%AB%E0%B8%A1%E0%B8%B2%E0%B9%83%E0%B8%88%E0%B8%94%E0%B8%B3%E0%B8%94%E0%B8%AD%E0%B8%81%E0%B9%84%E0%B8%A1%E0%B9%89%20%E0%B8%AA%E0%B8%B8%E0%B8%A3%E0%B8%B2	Maa Jai Dum Flowery（หมาใจดำดอกไม้）は、チェンマイに関連する地域蒸留酒。花を示す「ดอกไม้」を冠したチェンマイの銘柄。	個別商品・銘柄	Hma Jai Dam / Maa Jai Dum	確認済み	https://gooloochiangmai.com/?p=26841
3	Maa Jai Dum Lumka	หมาใจดำลำก้า	タイ語資料で確認	หมาใจดำブランドの透明タイプ	地域蒸留酒	蒸留酒	チェンマイ					地域限定		確認済み	タイ語資料で商品名と地域を確認	掲載候補	原料や味は資料間の確認が足りないため空欄。	https://gooloochiangmai.com/?p=26841	https://www.google.com/search?tbm=isch&q=%E0%B8%AB%E0%B8%A1%E0%B8%B2%E0%B9%83%E0%B8%88%E0%B8%94%E0%B8%B3%E0%B8%A5%E0%B8%B3%E0%B8%81%E0%B9%89%E0%B8%B2%20%E0%B8%AA%E0%B8%B8%E0%B8%A3%E0%B8%B2	Maa Jai Dum Lumka（หมาใจดำลำก้า）は、チェンマイに関連する地域蒸留酒。หมาใจดำブランドの透明タイプ。	個別商品・銘柄	Hma Jai Dam / Maa Jai Dum	確認済み	https://gooloochiangmai.com/?p=26841
4	Manee Piti Chujai	มานี ปิติ ชูใจ	タイ語資料で確認	タイの教科書の登場人物を思わせる名称	米の醸造酒	醸造酒	サンカムペーン郡、チェンマイ	米				地域限定		確認済み	タイ語資料で地域の米酒として確認	掲載候補	一般語検索では教材情報が多いため、画像検索では「สุรา」を併記。	https://gooloochiangmai.com/?p=26811	https://www.google.com/search?tbm=isch&q=%E0%B8%A1%E0%B8%B2%E0%B8%99%E0%B8%B5%20%E0%B8%9B%E0%B8%B4%E0%B8%95%E0%B8%B4%20%E0%B8%8A%E0%B8%B9%E0%B9%83%E0%B8%88%20%E0%B8%AA%E0%B8%B8%E0%B8%A3%E0%B8%B2	Manee Piti Chujai（มานี ปิติ ชูใจ）は、サンカムペーン郡、チェンマイに関連する米の醸造酒。タイの教科書の登場人物を思わせる名称。	個別商品・銘柄		確認済み	https://gooloochiangmai.com/?p=26811
5	PHAI Craft	ไผ่คราฟท์	ブランド自身のタイ語表記	チェンマイ発のクラフト白酒ブランド	クラフト白酒	蒸留酒	サンサーイ郡、チェンマイ	ジャスミンライス				地域限定	Chiang Mai PS 2554	確認済み	タイ語資料で産地・原料・製法を確認	掲載候補	2011年創業。薪火を用いる伝統的な蒸留法と熟成を掲げる。	https://cheewid.com/organization/nw6ig/phai-craft/about	https://www.google.com/search?tbm=isch&q=%E0%B9%84%E0%B8%9C%E0%B9%88%E0%B8%84%E0%B8%A3%E0%B8%B2%E0%B8%9F%E0%B8%97%E0%B9%8C%20%E0%B8%AA%E0%B8%B8%E0%B8%A3%E0%B8%B2	PHAI Craft（ไผ่คราฟท์）は、サンサーイ郡、チェンマイに関連するクラフト白酒。チェンマイ発のクラフト白酒ブランド。	ブランド／生産者		確認済み	https://cheewid.com/organization/nw6ig/phai-craft/about
6	Tang Ma Lai	ทางม้าลาย	タイ語資料で確認	「横断歩道／シマウマ模様」を意味する名称	クラフトスピリッツ	蒸留酒	チェンマイ	北部産ジャガイモ		ミントの香りをうたう		地域限定		確認済み	OTOPチェンマイ資料で商品を確認	掲載候補	透明な蒸留酒。資料にある原料・香り以上の説明は加えていない。	https://www.otopchiangmai.com/page/id/%E0%B9%80%E0%B8%AB%E0%B8%A5%E0%B9%89%E0%B8%B2-%E0%B8%97%E0%B8%B2%E0%B8%87%E0%B8%A1%E0%B9%89%E0%B8%B2%E0%B8%A5%E0%B8%B2%E0%B8%A2-%E0%B8%A8%E0%B8%B9%E0%B8%99%E0%B8%A2%E0%B9%8C-otop-%E0%B9%80%E0%B8%8A%E0%B8%B5%E0%B8%A2%E0%B8%87%E0%B9%83%E0%B8%AB%E0%B8%A1%E0%B9%88	https://www.google.com/search?tbm=isch&q=%E0%B8%97%E0%B8%B2%E0%B8%87%E0%B8%A1%E0%B9%89%E0%B8%B2%E0%B8%A5%E0%B8%B2%E0%B8%A2%20%E0%B8%AA%E0%B8%B8%E0%B8%A3%E0%B8%B2	Tang Ma Lai（ทางม้าลาย）は、チェンマイに関連するクラフトスピリッツ。「横断歩道／シマウマ模様」を意味する名称。	個別商品・銘柄		確認済み	https://www.otopchiangmai.com/page/id/%E0%B9%80%E0%B8%AB%E0%B8%A5%E0%B9%89%E0%B8%B2-%E0%B8%97%E0%B8%B2%E0%B8%87%E0%B8%A1%E0%B9%89%E0%B8%B2%E0%B8%A5%E0%B8%B2%E0%B8%A2-%E0%B8%A8%E0%B8%B9%E0%B8%99%E0%B8%A2%E0%B9%8C-otop-%E0%B9%80%E0%B8%8A%E0%B8%B5%E0%B8%A2%E0%B8%87%E0%B9%83%E0%B8%AB%E0%B8%A1%E0%B9%88
7	Coyote Lumka Mixed Fruit	โคโยตี้ลำก้า รสผลไม้รวม	タイ語資料で確認	โคโยตี้ลำก้าのミックスフルーツ味	果実風味の地域蒸留酒	蒸留酒	チェンマイ	もち米、果実				地域限定		確認済み	OTOPチェンマイ資料で商品名を確認	掲載候補	OTOP掲載ページに表示される商品名を採用。	https://www.otopchiangmai.com/page/id/%E0%B9%80%E0%B8%AB%E0%B8%A5%E0%B9%89%E0%B8%B2-%E0%B8%97%E0%B8%B2%E0%B8%87%E0%B8%A1%E0%B9%89%E0%B8%B2%E0%B8%A5%E0%B8%B2%E0%B8%A2-%E0%B8%A8%E0%B8%B9%E0%B8%99%E0%B8%A2%E0%B9%8C-otop-%E0%B9%80%E0%B8%8A%E0%B8%B5%E0%B8%A2%E0%B8%87%E0%B9%83%E0%B8%AB%E0%B8%A1%E0%B9%88	https://www.google.com/search?tbm=isch&q=%E0%B9%82%E0%B8%84%E0%B9%82%E0%B8%A2%E0%B8%95%E0%B8%B5%E0%B9%89%E0%B8%A5%E0%B8%B3%E0%B8%81%E0%B9%89%E0%B8%B2%20%E0%B8%A3%E0%B8%AA%E0%B8%9C%E0%B8%A5%E0%B9%84%E0%B8%A1%E0%B9%89%E0%B8%A3%E0%B8%A7%E0%B8%A1%20%E0%B8%AA%E0%B8%B8%E0%B8%A3%E0%B8%B2	Coyote Lumka Mixed Fruit（โคโยตี้ลำก้า รสผลไม้รวม）は、チェンマイに関連する果実風味の地域蒸留酒。โคโยตี้ลำก้าのミックスフルーツ味。	個別商品・銘柄		確認済み	https://www.otopchiangmai.com/page/id/%E0%B9%80%E0%B8%AB%E0%B8%A5%E0%B9%89%E0%B8%B2-%E0%B8%97%E0%B8%B2%E0%B8%87%E0%B8%A1%E0%B9%89%E0%B8%B2%E0%B8%A5%E0%B8%B2%E0%B8%A2-%E0%B8%A8%E0%B8%B9%E0%B8%99%E0%B8%A2%E0%B9%8C-otop-%E0%B9%80%E0%B8%8A%E0%B8%B5%E0%B8%A2%E0%B8%87%E0%B9%83%E0%B8%AB%E0%B8%A1%E0%B9%88
8	Coyote Lumka Strawberry	โคโยตี้ลำก้า รสสตรอว์เบอร์รี	タイ語資料で確認	โคโยตี้ลำก้าのイチゴ味	果実風味の地域蒸留酒	蒸留酒	チェンマイ	もち米、イチゴ				地域限定		確認済み	OTOPチェンマイ資料で商品名を確認	掲載候補	タイ語の表記ゆれを考慮し公式掲載名に寄せた。	https://www.otopchiangmai.com/page/id/%E0%B9%80%E0%B8%AB%E0%B8%A5%E0%B9%89%E0%B8%B2-%E0%B8%97%E0%B8%B2%E0%B8%87%E0%B8%A1%E0%B9%89%E0%B8%B2%E0%B8%A5%E0%B8%B2%E0%B8%A2-%E0%B8%A8%E0%B8%B9%E0%B8%99%E0%B8%A2%E0%B9%8C-otop-%E0%B9%80%E0%B8%8A%E0%B8%B5%E0%B8%A2%E0%B8%87%E0%B9%83%E0%B8%AB%E0%B8%A1%E0%B9%88	https://www.google.com/search?tbm=isch&q=%E0%B9%82%E0%B8%84%E0%B9%82%E0%B8%A2%E0%B8%95%E0%B8%B5%E0%B9%89%E0%B8%A5%E0%B8%B3%E0%B8%81%E0%B9%89%E0%B8%B2%20%E0%B8%A3%E0%B8%AA%E0%B8%AA%E0%B8%95%E0%B8%A3%E0%B8%AD%E0%B8%A7%E0%B9%8C%E0%B9%80%E0%B8%9A%E0%B8%AD%E0%B8%A3%E0%B9%8C%E0%B8%A3%E0%B8%B5%20%E0%B8%AA%E0%B8%B8%E0%B8%A3%E0%B8%B2	Coyote Lumka Strawberry（โคโยตี้ลำก้า รสสตรอว์เบอร์รี）は、チェンマイに関連する果実風味の地域蒸留酒。โคโยตี้ลำก้าのイチゴ味。	個別商品・銘柄		確認済み	https://www.otopchiangmai.com/page/id/%E0%B9%80%E0%B8%AB%E0%B8%A5%E0%B9%89%E0%B8%B2-%E0%B8%97%E0%B8%B2%E0%B8%87%E0%B8%A1%E0%B9%89%E0%B8%B2%E0%B8%A5%E0%B8%B2%E0%B8%A2-%E0%B8%A8%E0%B8%B9%E0%B8%99%E0%B8%A2%E0%B9%8C-otop-%E0%B9%80%E0%B8%8A%E0%B8%B5%E0%B8%A2%E0%B8%87%E0%B9%83%E0%B8%AB%E0%B8%A1%E0%B9%88
9	Langmaze	แลงมาเซ	行政資料で確認	チェンライ県メーラオ郡の地域酒	地域酒	蒸留酒	メーラオ郡、チェンライ					地域限定	วิสาหกิจชุมชนสุรากลั่นฐิตินันท์	確認済み	県OTOP資料で商品・事業者・所在地を確認	掲載候補	商品詳細は未確認のため、酒種・原料・度数を推測していない。	https://maefaluang.cdd.go.th/th/file/get/file/1802.20250826d8c971d6a646d1c1cb0a124942ecca9b004723.pdf	https://www.google.com/search?tbm=isch&q=%E0%B9%81%E0%B8%A5%E0%B8%87%E0%B8%A1%E0%B8%B2%E0%B9%80%E0%B8%8B%20%E0%B8%AA%E0%B8%B8%E0%B8%A3%E0%B8%B2	Langmaze（แลงมาเซ）は、メーラオ郡、チェンライに関連する地域酒。チェンライ県メーラオ郡の地域酒。	個別商品・銘柄		確認済み	https://maefaluang.cdd.go.th/th/file/get/file/1802.20250826d8c971d6a646d1c1cb0a124942ecca9b004723.pdf
10	Rebel Rebel White	เรเบล เรเบล ไวต์	検索補助音写（公式名は英字）	Sanpatong Distilleryの白ラム	ラム	蒸留酒	サンパトーン郡、チェンマイ	サトウキビジュース	40%			専門店・蒸留所	Sanpatong Distillery	確認済み	公式タイ語サイトで商品仕様を確認	掲載候補	チェンマイの蒸留所が現地製造する、無添加を掲げた商品。	https://sanpatong.com/th	https://www.google.com/search?tbm=isch&q=%E0%B9%80%E0%B8%A3%E0%B9%80%E0%B8%9A%E0%B8%A5%20%E0%B9%80%E0%B8%A3%E0%B9%80%E0%B8%9A%E0%B8%A5%20%E0%B9%84%E0%B8%A7%E0%B8%95%E0%B9%8C%20%E0%B8%AA%E0%B8%B8%E0%B8%A3%E0%B8%B2	Rebel Rebel White（เรเบล เรเบล ไวต์）は、サンパトーン郡、チェンマイに関連するラム。Sanpatong Distilleryの白ラム。	個別商品・銘柄		確認済み	https://sanpatong.com/th
11	Imagin Black	อิเมจิน แบล็ก	検索補助音写（公式名は英字）	Sanpatong Distilleryのジン	ジン	蒸留酒	サンパトーン郡、チェンマイ	ココナッツ花蜜	40%			専門店・蒸留所	Sanpatong Distillery	確認済み	公式タイ語サイトで商品仕様を確認	掲載候補	公式名が英字のため、タイ文字は画像検索用の音写。	https://sanpatong.com/th	https://www.google.com/search?tbm=isch&q=%E0%B8%AD%E0%B8%B4%E0%B9%80%E0%B8%A1%E0%B8%88%E0%B8%B4%E0%B8%99%20%E0%B9%81%E0%B8%9A%E0%B8%A5%E0%B9%87%E0%B8%81%20%E0%B8%AA%E0%B8%B8%E0%B8%A3%E0%B8%B2	Imagin Black（อิเมจิน แบล็ก）は、サンパトーン郡、チェンマイに関連するジン。Sanpatong Distilleryのジン。	個別商品・銘柄		確認済み	https://sanpatong.com/th
12	Elevated Vodka	เอลิเวเต็ด วอดก้า	検索補助音写（公式名は英字）	Sanpatong Distilleryのウォッカ	ウォッカ	蒸留酒	サンパトーン郡、チェンマイ	タピオカ	40%			専門店・蒸留所	Sanpatong Distillery	確認済み	公式タイ語サイトで商品仕様を確認	掲載候補	公式名が英字のため、タイ文字は画像検索用の音写。	https://sanpatong.com/th	https://www.google.com/search?tbm=isch&q=%E0%B9%80%E0%B8%AD%E0%B8%A5%E0%B8%B4%E0%B9%80%E0%B8%A7%E0%B9%80%E0%B8%95%E0%B9%87%E0%B8%94%20%E0%B8%A7%E0%B8%AD%E0%B8%94%E0%B8%81%E0%B9%89%E0%B8%B2%20%E0%B8%AA%E0%B8%B8%E0%B8%A3%E0%B8%B2	Elevated Vodka（เอลิเวเต็ด วอดก้า）は、サンパトーン郡、チェンマイに関連するウォッカ。Sanpatong Distilleryのウォッカ。	個別商品・銘柄		確認済み	https://sanpatong.com/th
13	Lychee Eau de Vie	ลิ้นจี่ โอ เดอ วี	検索補助音写（公式名は英字）	ライチを原料とする透明なフルーツブランデー	オー・ド・ヴィー	蒸留酒	サンパトーン郡、チェンマイ	ライチ	40%			専門店・蒸留所	Sanpatong Distillery	確認済み	公式タイ語サイトで商品仕様を確認	掲載候補	公式名が英字のため、タイ文字は画像検索用の音写。	https://sanpatong.com/th	https://www.google.com/search?tbm=isch&q=%E0%B8%A5%E0%B8%B4%E0%B9%89%E0%B8%99%E0%B8%88%E0%B8%B5%E0%B9%88%20%E0%B9%82%E0%B8%AD%20%E0%B9%80%E0%B8%94%E0%B8%AD%20%E0%B8%A7%E0%B8%B5%20%E0%B8%AA%E0%B8%B8%E0%B8%A3%E0%B8%B2	Lychee Eau de Vie（ลิ้นจี่ โอ เดอ วี）は、サンパトーン郡、チェンマイに関連するオー・ド・ヴィー。ライチを原料とする透明なフルーツブランデー。	個別商品・銘柄		確認済み	https://sanpatong.com/th
14	Mekhong	แม่โขง	公式タイ語表記	1941年に登場したタイの代表的銘柄	タイ・スピリッツ	蒸留酒	タイ	糖蜜、米				全国流通	Mekhong / ThaiBev	確認済み	公式タイ語サイトで確認	掲載候補	地域酒比較の基準として残す全国銘柄。北タイ産とは扱わない。	https://www.mekhong.com/index_th.html	https://www.google.com/search?tbm=isch&q=%E0%B9%81%E0%B8%A1%E0%B9%88%E0%B9%82%E0%B8%82%E0%B8%87%20%E0%B8%AA%E0%B8%B8%E0%B8%A3%E0%B8%B2	Mekhong（แม่โขง）は、タイに関連するタイ・スピリッツ。1941年に登場したタイの代表的銘柄。	個別商品・銘柄		確認済み	https://www.mekhong.com/index_th.html
15	Hong Thong	หงส์ทอง	公式タイ語表記	「金の白鳥」を意味する全国流通銘柄	ブレンデッドスピリッツ	蒸留酒	タイ					全国流通	Hong Thong / ThaiBev	確認済み	公式サイトで確認	掲載候補	旧版にあったClear版は確認できないため統合・削除。	https://www.hongthong.com/	https://www.google.com/search?tbm=isch&q=%E0%B8%AB%E0%B8%87%E0%B8%AA%E0%B9%8C%E0%B8%97%E0%B8%AD%E0%B8%87%20%E0%B8%AA%E0%B8%B8%E0%B8%A3%E0%B8%B2	Hong Thong（หงส์ทอง）は、タイに関連するブレンデッドスピリッツ。「金の白鳥」を意味する全国流通銘柄。	個別商品・銘柄		確認済み	https://www.hongthong.com/
16	Ruang Khao	รวงข้าว	公式タイ語表記	稲穂を意味する名称の白酒	白酒	蒸留酒	タイ					全国流通	ThaiBev	確認済み	製造者公式ブランド情報で確認	掲載候補	北タイ限定ではない全国銘柄。	https://www.thaibev.com/aboutus/thaibev?select_about=1&select_tab=2	https://www.google.com/search?tbm=isch&q=%E0%B8%A3%E0%B8%A7%E0%B8%87%E0%B8%82%E0%B9%89%E0%B8%B2%E0%B8%A7%20%E0%B8%AA%E0%B8%B8%E0%B8%A3%E0%B8%B2	Ruang Khao（รวงข้าว）は、タイに関連する白酒。稲穂を意味する名称の白酒。	個別商品・銘柄		確認済み	https://www.thaibev.com/aboutus/thaibev?select_about=1&select_tab=2
17	Niyom Thai	นิยมไทย	公式タイ語表記	「タイで好まれる」の意をもつ白酒銘柄	白酒	蒸留酒	タイ					全国流通	ThaiBev	確認済み	製造者公式ブランド情報で確認	掲載候補	北タイ限定ではない全国銘柄。	https://www.thaibev.com/aboutus/thaibev?select_about=1&select_tab=2	https://www.google.com/search?tbm=isch&q=%E0%B8%99%E0%B8%B4%E0%B8%A2%E0%B8%A1%E0%B9%84%E0%B8%97%E0%B8%A2%20%E0%B8%AA%E0%B8%B8%E0%B8%A3%E0%B8%B2	Niyom Thai（นิยมไทย）は、タイに関連する白酒。「タイで好まれる」の意をもつ白酒銘柄。	個別商品・銘柄		確認済み	https://www.thaibev.com/aboutus/thaibev?select_about=1&select_tab=2
18	SangSom	แสงโสม	公式タイ語表記	タイを代表するラム系銘柄	ラム	蒸留酒	タイ	糖蜜				全国流通	SangSom / ThaiBev	確認済み	公式サイトで確認	掲載候補	地域限定品ではないが、タイ酒の基礎銘柄として採用。	https://sangsom.com/th/story/	https://www.google.com/search?tbm=isch&q=%E0%B9%81%E0%B8%AA%E0%B8%87%E0%B9%82%E0%B8%AA%E0%B8%A1%20%E0%B8%AA%E0%B8%B8%E0%B8%A3%E0%B8%B2	SangSom（แสงโสม）は、タイに関連するラム。タイを代表するラム系銘柄。	個別商品・銘柄		確認済み	https://sangsom.com/th/story/
19	Grandma Jinn Recipe No.1	แกรนด์มา จินน์ เรซิพี นัมเบอร์ 1	検索補助音写（公式名は英字）	タイ産クラフトジン	ジン	蒸留酒	タイ					専門店	Lamai Distilleries	確認済み	公式取扱ページで実在を確認	掲載候補	北タイ産という旧説明は削除。産地をタイ国内以上に限定しない。	https://www.bootleggerstrading.com/product/gin/grandma-jinn	https://www.google.com/search?tbm=isch&q=%E0%B9%81%E0%B8%81%E0%B8%A3%E0%B8%99%E0%B8%94%E0%B9%8C%E0%B8%A1%E0%B8%B2%20%E0%B8%88%E0%B8%B4%E0%B8%99%E0%B8%99%E0%B9%8C%20%E0%B9%80%E0%B8%A3%E0%B8%8B%E0%B8%B4%E0%B8%9E%E0%B8%B5%20%E0%B8%99%E0%B8%B1%E0%B8%A1%E0%B9%80%E0%B8%9A%E0%B8%AD%E0%B8%A3%E0%B9%8C%201%20%E0%B8%AA%E0%B8%B8%E0%B8%A3%E0%B8%B2	Grandma Jinn Recipe No.1（แกรนด์มา จินน์ เรซิพี นัมเบอร์ 1）は、タイに関連するジン。タイ産クラフトジン。	個別商品・銘柄		確認済み	https://www.bootleggerstrading.com/product/gin/grandma-jinn
20	Assa Dong	อัสดง	タイ語記事で確認	ナーン県の地域酒として紹介される銘柄	地域酒		ナーン					地域限定		確認済み	タイ語報道で銘柄と県を確認	掲載候補	商品詳細は未確認のため空欄を維持。	https://www.thairath.co.th/news/local/2826846	https://www.google.com/search?tbm=isch&q=%E0%B8%AD%E0%B8%B1%E0%B8%AA%E0%B8%94%E0%B8%87%20%E0%B8%AA%E0%B8%B8%E0%B8%A3%E0%B8%B2	Assa Dong（อัสดง）は、ナーンに関連する地域酒。ナーン県の地域酒として紹介される銘柄。	個別商品・銘柄		確認済み	https://www.thairath.co.th/news/local/2826846
21	Prachachuen Group	กลุ่มประชาชื่น	タイ語記事で確認	ナーン県の地域酒生産グループ	地域酒		ナーン					地域限定	กลุ่มประชาชื่น	確認済み	タイ語報道で名称と県を確認	掲載候補	個別商品名ではなく生産グループ名として収録。	https://www.thairath.co.th/news/local/2826846	https://www.google.com/search?tbm=isch&q=%E0%B8%81%E0%B8%A5%E0%B8%B8%E0%B9%88%E0%B8%A1%E0%B8%9B%E0%B8%A3%E0%B8%B0%E0%B8%8A%E0%B8%B2%E0%B8%8A%E0%B8%B7%E0%B9%88%E0%B8%99%20%E0%B8%AA%E0%B8%B8%E0%B8%A3%E0%B8%B2	Prachachuen Group（กลุ่มประชาชื่น）は、ナーンに関連する地域酒。ナーン県の地域酒生産グループ。	ブランド／生産者		確認済み	https://www.thairath.co.th/news/local/2826846
22	Maw	เหม๊าะ	タイ語記事で確認	ナーン県の地域酒として紹介される銘柄	地域酒		ナーン					地域限定		確認済み	タイ語報道で銘柄と県を確認	掲載候補	短い名称のため画像検索では「สุรา น่าน」を併記。	https://www.thairath.co.th/news/local/2826846	https://www.google.com/search?tbm=isch&q=%E0%B9%80%E0%B8%AB%E0%B8%A1%E0%B9%8A%E0%B8%B2%E0%B8%B0%20%E0%B8%AA%E0%B8%B8%E0%B8%A3%E0%B8%B2%20%E0%B8%99%E0%B9%88%E0%B8%B2%E0%B8%99	Maw（เหม๊าะ）は、ナーンに関連する地域酒。ナーン県の地域酒として紹介される銘柄。	個別商品・銘柄		確認済み	https://www.thairath.co.th/news/local/2826846
23	Jan Peng	จันเป๋ง	タイ語記事で確認	ラムプーン県の地域酒として紹介される銘柄	地域酒		ラムプーン					地域限定		確認済み	タイ語報道で銘柄と県を確認	掲載候補	商品詳細は未確認のため空欄を維持。	https://www.thairath.co.th/news/local/2826846	https://www.google.com/search?tbm=isch&q=%E0%B8%88%E0%B8%B1%E0%B8%99%E0%B9%80%E0%B8%9B%E0%B9%8B%E0%B8%87%20%E0%B8%AA%E0%B8%B8%E0%B8%A3%E0%B8%B2	Jan Peng（จันเป๋ง）は、ラムプーンに関連する地域酒。ラムプーン県の地域酒として紹介される銘柄。	個別商品・銘柄		確認済み	https://www.thairath.co.th/news/local/2826846
24	Bamroe	บำเรอ	タイ語記事で確認	チェンライ県の地域酒として紹介される銘柄	地域酒		チェンライ					地域限定		確認済み	タイ語報道で銘柄と県を確認	掲載候補	一般語でもあるため画像検索では「สุรา เชียงราย」を併記。	https://www.thairath.co.th/news/local/2826846	https://www.google.com/search?tbm=isch&q=%E0%B8%9A%E0%B8%B3%E0%B9%80%E0%B8%A3%E0%B8%AD%20%E0%B8%AA%E0%B8%B8%E0%B8%A3%E0%B8%B2%20%E0%B9%80%E0%B8%8A%E0%B8%B5%E0%B8%A2%E0%B8%87%E0%B8%A3%E0%B8%B2%E0%B8%A2	Bamroe（บำเรอ）は、チェンライに関連する地域酒。チェンライ県の地域酒として紹介される銘柄。	個別商品・銘柄		確認済み	https://www.thairath.co.th/news/local/2826846
25	Kilo Spirits	กิโลสปิริต	タイ語記事で確認	クラビ県のクラフト蒸留酒ブランド	クラフトスピリッツ	蒸留酒	クラビ					地域限定	Kilo Spirits	確認済み	タイ語報道でブランドと県を確認	掲載候補	旧版の北タイ扱いを修正し、クラビ産として収録。	https://www.thairath.co.th/news/local/2826846	https://www.google.com/search?tbm=isch&q=%E0%B8%81%E0%B8%B4%E0%B9%82%E0%B8%A5%E0%B8%AA%E0%B8%9B%E0%B8%B4%E0%B8%A3%E0%B8%B4%E0%B8%95%20%E0%B8%AA%E0%B8%B8%E0%B8%A3%E0%B8%B2	Kilo Spirits（กิโลสปิริต）は、クラビに関連するクラフトスピリッツ。クラビ県のクラフト蒸留酒ブランド。	個別商品・銘柄		確認済み	https://www.thairath.co.th/news/local/2826846
26	Siam Sato	สยามสาโท	タイ語記事で確認	ナコーンラーチャシーマー県のサトーブランド	サトー	醸造酒	ナコーンラーチャシーマー	米				地域限定		確認済み	タイ語報道で銘柄と県を確認	掲載候補	米の醸造酒という分類以上の詳細は推測しない。	https://www.thairath.co.th/news/local/2826846	https://www.google.com/search?tbm=isch&q=%E0%B8%AA%E0%B8%A2%E0%B8%B2%E0%B8%A1%E0%B8%AA%E0%B8%B2%E0%B9%82%E0%B8%97%20%E0%B8%AA%E0%B8%B8%E0%B8%A3%E0%B8%B2	Siam Sato（สยามสาโท）は、ナコーンラーチャシーマーに関連するサトー。ナコーンラーチャシーマー県のサトーブランド。	個別商品・銘柄		確認済み	https://www.thairath.co.th/news/local/2826846
27	Onson	ออนซอน	タイ語記事で確認	サコンナコーン県の地域酒として紹介される銘柄	地域酒		サコンナコーン					地域限定		確認済み	タイ語報道で銘柄と県を確認	掲載候補	商品詳細は未確認のため空欄を維持。	https://www.thairath.co.th/news/local/2826846	https://www.google.com/search?tbm=isch&q=%E0%B8%AD%E0%B8%AD%E0%B8%99%E0%B8%8B%E0%B8%AD%E0%B8%99%20%E0%B8%AA%E0%B8%B8%E0%B8%A3%E0%B8%B2	Onson（ออนซอน）は、サコンナコーンに関連する地域酒。サコンナコーン県の地域酒として紹介される銘柄。	個別商品・銘柄		確認済み	https://www.thairath.co.th/news/local/2826846
28	White Shark	ไวต์ชาร์ค	タイ語記事で確認	チョンブリー県の地域酒として紹介される銘柄	地域酒		チョンブリー					地域限定		確認済み	タイ語報道で銘柄と県を確認	掲載候補	英字公式綴りの細部は今後公式資料が見つかれば更新。	https://www.thairath.co.th/news/local/2826846	https://www.google.com/search?tbm=isch&q=%E0%B9%84%E0%B8%A7%E0%B8%95%E0%B9%8C%E0%B8%8A%E0%B8%B2%E0%B8%A3%E0%B9%8C%E0%B8%84%20%E0%B8%AA%E0%B8%B8%E0%B8%A3%E0%B8%B2	White Shark（ไวต์ชาร์ค）は、チョンブリーに関連する地域酒。チョンブリー県の地域酒として紹介される銘柄。	個別商品・銘柄		確認済み	https://www.thairath.co.th/news/local/2826846
29	Singha Beer	เบียร์สิงห์	公式タイ語表記	タイを代表する国産ラガービール	ラガービール	ビール	タイ					全国流通	Boon Rawd Brewery	確認済み	公式製品一覧と国内工場資料で確認	掲載候補	海外ブランドではなく、タイ企業が国内工場で製造する銘柄。	https://sbc.boonrawd.co.th/th/index	https://www.google.com/search?tbm=isch&q=%E0%B9%80%E0%B8%9A%E0%B8%B5%E0%B8%A2%E0%B8%A3%E0%B9%8C%E0%B8%AA%E0%B8%B4%E0%B8%87%E0%B8%AB%E0%B9%8C%20%E0%B8%AA%E0%B8%B8%E0%B8%A3%E0%B8%B2	Singha Beer（เบียร์สิงห์）は、タイに関連するラガービール。タイを代表する国産ラガービール。	個別商品・銘柄		確認済み	https://sbc.boonrawd.co.th/th/index
30	LEO Beer	เบียร์ลีโอ	公式タイ語表記	タイ国内で広く流通するラガービール	ラガービール	ビール	タイ			なめらかなラガー		全国流通	Boon Rawd Brewery	確認済み	公式ブランドページと国内工場資料で確認	掲載候補	コンケーン工場などで国内生産が公式に確認できる。	https://kkb.boonrawd.co.th/th/index	https://www.google.com/search?tbm=isch&q=%E0%B9%80%E0%B8%9A%E0%B8%B5%E0%B8%A2%E0%B8%A3%E0%B9%8C%E0%B8%A5%E0%B8%B5%E0%B9%82%E0%B8%AD%20%E0%B8%AA%E0%B8%B8%E0%B8%A3%E0%B8%B2	LEO Beer（เบียร์ลีโอ）は、タイに関連するラガービール。タイ国内で広く流通するラガービール。	個別商品・銘柄		確認済み	https://kkb.boonrawd.co.th/th/index
31	U Beer	ยู เบียร์	公式タイ語表記	Boon Rawd系のラガービール	ラガービール	ビール	タイ		4.5%			全国流通	Boon Rawd Brewery	確認済み	公式商品ページで確認	掲載候補	原料の一部が輸入でも、完成品はタイ国内生産の対象として扱う。	https://www.singhacorporation.com/ubeer/index.php/th/home	https://www.google.com/search?tbm=isch&q=%E0%B8%A2%E0%B8%B9%20%E0%B9%80%E0%B8%9A%E0%B8%B5%E0%B8%A2%E0%B8%A3%E0%B9%8C%20%E0%B8%AA%E0%B8%B8%E0%B8%A3%E0%B8%B2	U Beer（ยู เบียร์）は、タイに関連するラガービール。Boon Rawd系のラガービール。	個別商品・銘柄		確認済み	https://www.singhacorporation.com/ubeer/index.php/th/home
32	Singha Reserve	สิงห์ รีเซิร์ฟ	公式製品一覧の表記を音写	Singhaのプレミアム系商品	ビール	ビール	タイ					全国流通	Boon Rawd Brewery	確認済み	公式製品一覧と国内製造拠点で確認	掲載候補	外国ブランドのライセンス品ではなくSinghaの商品として収録。	https://singhacorporation.com/th	https://www.google.com/search?tbm=isch&q=%E0%B8%AA%E0%B8%B4%E0%B8%87%E0%B8%AB%E0%B9%8C%20%E0%B8%A3%E0%B8%B5%E0%B9%80%E0%B8%8B%E0%B8%B4%E0%B8%A3%E0%B9%8C%E0%B8%9F%20%E0%B8%AA%E0%B8%B8%E0%B8%A3%E0%B8%B2	Singha Reserve（สิงห์ รีเซิร์ฟ）は、タイに関連するビール。Singhaのプレミアム系商品。	個別商品・銘柄		確認済み	https://singhacorporation.com/th
33	SNOWY WEIZEN	สโนวี่ ไวเซ่น	検索補助音写（公式名は英字）	Boon Rawd系の小麦ビール	ヴァイツェン	ビール	タイ	小麦				全国流通	Boon Rawd Brewery	確認済み	公式製品一覧と国内製造拠点で確認	掲載候補	公式名が英字のためタイ文字は検索補助音写。	https://singhacorporation.com/th	https://www.google.com/search?tbm=isch&q=%E0%B8%AA%E0%B9%82%E0%B8%99%E0%B8%A7%E0%B8%B5%E0%B9%88%20%E0%B9%84%E0%B8%A7%E0%B9%80%E0%B8%8B%E0%B9%88%E0%B8%99%20%E0%B8%AA%E0%B8%B8%E0%B8%A3%E0%B8%B2	SNOWY WEIZEN（สโนวี่ ไวเซ่น）は、タイに関連するヴァイツェン。Boon Rawd系の小麦ビール。	個別商品・銘柄		確認済み	https://singhacorporation.com/th
34	EST.33 Copper	เอสที 33 คอปเปอร์	検索補助音写（公式名は英字）	Boon Rawd系のクラフトスタイル商品	ビール	ビール	タイ					限定流通	Boon Rawd Brewery	確認済み	公式製品一覧で確認	掲載候補	国内企業の自社銘柄として収録。	https://singhacorporation.com/th	https://www.google.com/search?tbm=isch&q=%E0%B9%80%E0%B8%AD%E0%B8%AA%E0%B8%97%E0%B8%B5%2033%20%E0%B8%84%E0%B8%AD%E0%B8%9B%E0%B9%80%E0%B8%9B%E0%B8%AD%E0%B8%A3%E0%B9%8C%20%E0%B8%AA%E0%B8%B8%E0%B8%A3%E0%B8%B2	EST.33 Copper（เอสที 33 คอปเปอร์）は、タイに関連するビール。Boon Rawd系のクラフトスタイル商品。	個別商品・銘柄		確認済み	https://singhacorporation.com/th
35	Chang Beer	เบียร์ช้าง	公式タイ語表記	ThaiBevを代表するタイ産ビール	ラガービール	ビール	タイ					全国流通	ThaiBev	確認済み	ThaiBev最新報告書で主力ビールと国内醸造所を確認	掲載候補	輸入品ではなくタイ国内生産の主力銘柄。	https://sustainability.thaibev.com/download/thaibevsr2025en.pdf	https://www.google.com/search?tbm=isch&q=%E0%B9%80%E0%B8%9A%E0%B8%B5%E0%B8%A2%E0%B8%A3%E0%B9%8C%E0%B8%8A%E0%B9%89%E0%B8%B2%E0%B8%87%20%E0%B8%AA%E0%B8%B8%E0%B8%A3%E0%B8%B2	Chang Beer（เบียร์ช้าง）は、タイに関連するラガービール。ThaiBevを代表するタイ産ビール。	個別商品・銘柄		確認済み	https://sustainability.thaibev.com/download/thaibevsr2025en.pdf
36	Blend 285	เบลนด์ 285	公式製品名の音写	ThaiBevの代表的ブレンデッドスピリッツ	ブレンデッドスピリッツ	蒸留酒	タイ					全国流通	ThaiBev	確認済み	公式製品一覧と最新報告書で確認	掲載候補	超メジャー枠として追加。	https://www.thaibev.com/products/group?cateId=1	https://www.google.com/search?tbm=isch&q=%E0%B9%80%E0%B8%9A%E0%B8%A5%E0%B8%99%E0%B8%94%E0%B9%8C%20285%20%E0%B8%AA%E0%B8%B8%E0%B8%A3%E0%B8%B2	Blend 285（เบลนด์ 285）は、タイに関連するブレンデッドスピリッツ。ThaiBevの代表的ブレンデッドスピリッツ。	個別商品・銘柄		確認済み	https://www.thaibev.com/products/group?cateId=1
37	MERIDIAN	เมอริเดียน	公式製品名の音写	ThaiBevのブランデー銘柄	ブランデー	蒸留酒	タイ					全国流通	ThaiBev	確認済み	公式製品一覧で確認	掲載候補	タイ国内製造の公式ポートフォリオ掲載品。	https://www.thaibev.com/products/group?cateId=1	https://www.google.com/search?tbm=isch&q=%E0%B9%80%E0%B8%A1%E0%B8%AD%E0%B8%A3%E0%B8%B4%E0%B9%80%E0%B8%94%E0%B8%B5%E0%B8%A2%E0%B8%99%20%E0%B8%AA%E0%B8%B8%E0%B8%A3%E0%B8%B2	MERIDIAN（เมอริเดียน）は、タイに関連するブランデー。ThaiBevのブランデー銘柄。	個別商品・銘柄		確認済み	https://www.thaibev.com/products/group?cateId=1
38	Phraya	พระยา	公式タイ語表記	ThaiBevのプレミアムラム	ラム	蒸留酒	タイ	糖蜜				専門店	ThaiBev	確認済み	公式製品一覧で確認	掲載候補	旧版では北タイ扱いを否定したが、タイ産酒DBでは適格。	https://www.thaibev.com/products/group?cateId=1	https://www.google.com/search?tbm=isch&q=%E0%B8%9E%E0%B8%A3%E0%B8%B0%E0%B8%A2%E0%B8%B2%20%E0%B8%AA%E0%B8%B8%E0%B8%A3%E0%B8%B2	Phraya（พระยา）は、タイに関連するラム。ThaiBevのプレミアムラム。	個別商品・銘柄		確認済み	https://www.thaibev.com/products/group?cateId=1
39	Monsoon Valley	มอนซูน แวลลีย์	公式タイ語サイトの表記を音写	タイ産ブドウを用いるワインブランド	ワインブランド	ワイン	ホアヒンほか、タイ国内	ブドウ				全国・専門店	Siam Winery	確認済み	公式サイトで国内の畑とサムットサーコーンの醸造所を確認	掲載候補	ブランド総称。個別シリーズは必要に応じ別商品として追加可能。	https://www.monsoonvalley.com/en/our-wines	https://www.google.com/search?tbm=isch&q=%E0%B8%A1%E0%B8%AD%E0%B8%99%E0%B8%8B%E0%B8%B9%E0%B8%99%20%E0%B9%81%E0%B8%A7%E0%B8%A5%E0%B8%A5%E0%B8%B5%E0%B8%A2%E0%B9%8C%20%E0%B8%AA%E0%B8%B8%E0%B8%A3%E0%B8%B2	Monsoon Valley（มอนซูน แวลลีย์）は、ホアヒンほか、タイ国内に関連するワインブランド。タイ産ブドウを用いるワインブランド。	ブランド／生産者		確認済み	https://www.monsoonvalley.com/en/our-wines
40	GranMonte	กรานมอนเต้	公式名の一般的なタイ語音写	カオヤイGIのタイ産ワインブランド	ワインブランド	ワイン	カオヤイ、ナコーンラーチャシーマー	ブドウ				専門店・ワイナリー	GranMonte	確認済み	公式サイトで全商品がKhao Yai Wine GIと確認	掲載候補	ブランド総称として収録。	https://www.granmonte.com/granmonte-wines.php	https://www.google.com/search?tbm=isch&q=%E0%B8%81%E0%B8%A3%E0%B8%B2%E0%B8%99%E0%B8%A1%E0%B8%AD%E0%B8%99%E0%B9%80%E0%B8%95%E0%B9%89%20%E0%B8%AA%E0%B8%B8%E0%B8%A3%E0%B8%B2	GranMonte（กรานมอนเต้）は、カオヤイ、ナコーンラーチャシーマーに関連するワインブランド。カオヤイGIのタイ産ワインブランド。	ブランド／生産者		確認済み	https://www.granmonte.com/granmonte-wines.php
41	GranMonte Asoke Cabernet Sauvignon Syrah	กรานมอนเต้ อโศก	検索補助音写（公式名は英字）	GranMonteの赤ワイン	赤ワイン	ワイン	カオヤイ、ナコーンラーチャシーマー	カベルネ・ソーヴィニヨン、シラー				専門店・ワイナリー	GranMonte	確認済み	公式ワイン一覧で商品とカオヤイGIを確認	掲載候補	GranMonteの個別商品。	https://www.granmonte.com/granmonte-wines.php	https://www.google.com/search?tbm=isch&q=%E0%B8%81%E0%B8%A3%E0%B8%B2%E0%B8%99%E0%B8%A1%E0%B8%AD%E0%B8%99%E0%B9%80%E0%B8%95%E0%B9%89%20%E0%B8%AD%E0%B9%82%E0%B8%A8%E0%B8%81%20%E0%B8%AA%E0%B8%B8%E0%B8%A3%E0%B8%B2	GranMonte Asoke Cabernet Sauvignon Syrah（กรานมอนเต้ อโศก）は、カオヤイ、ナコーンラーチャシーマーに関連する赤ワイン。GranMonteの赤ワイン。	個別商品・銘柄	GranMonte	確認済み	https://www.granmonte.com/granmonte-wines.php
42	GranMonte The Orient Viognier	กรานมอนเต้ ดิ โอリエント วิโอเนียร์	検索補助音写（公式名は英字）	GranMonteの白ワイン	白ワイン	ワイン	カオヤイ、ナコーンラーチャシーマー	ヴィオニエ				専門店・ワイナリー	GranMonte	確認済み	公式ワイン一覧で商品とカオヤイGIを確認	掲載候補	GranMonteの個別商品。	https://www.granmonte.com/granmonte-wines.php	https://www.google.com/search?tbm=isch&q=%E0%B8%81%E0%B8%A3%E0%B8%B2%E0%B8%99%E0%B8%A1%E0%B8%AD%E0%B8%99%E0%B9%80%E0%B8%95%E0%B9%89%20%E0%B8%94%E0%B8%B4%20%E0%B9%82%E0%B8%AD%E3%83%AA%E3%82%A8%E3%83%B3%E3%83%88%20%E0%B8%A7%E0%B8%B4%E0%B9%82%E0%B8%AD%E0%B9%80%E0%B8%99%E0%B8%B5%E0%B8%A2%E0%B8%A3%E0%B9%8C%20%E0%B8%AA%E0%B8%B8%E0%B8%A3%E0%B8%B2	GranMonte The Orient Viognier（กรานมอนเต้ ดิ โอリエント วิโอเนียร์）は、カオヤイ、ナコーンラーチャシーマーに関連する白ワイン。GranMonteの白ワイン。	個別商品・銘柄	GranMonte	確認済み	https://www.granmonte.com/granmonte-wines.php
43	GranMonte Spring Chenin Blanc	กรานมอนเต้ สปริง เชอแนง บล็อง	検索補助音写（公式名は英字）	GranMonteの白ワイン	白ワイン	ワイン	カオヤイ、ナコーンラーチャシーマー	シュナン・ブラン				専門店・ワイナリー	GranMonte	確認済み	公式ワイン一覧で商品とカオヤイGIを確認	掲載候補	GranMonteの個別商品。	https://www.granmonte.com/granmonte-wines.php	https://www.google.com/search?tbm=isch&q=%E0%B8%81%E0%B8%A3%E0%B8%B2%E0%B8%99%E0%B8%A1%E0%B8%AD%E0%B8%99%E0%B9%80%E0%B8%95%E0%B9%89%20%E0%B8%AA%E0%B8%9B%E0%B8%A3%E0%B8%B4%E0%B8%87%20%E0%B9%80%E0%B8%8A%E0%B8%AD%E0%B9%81%E0%B8%99%E0%B8%87%20%E0%B8%9A%E0%B8%A5%E0%B9%87%E0%B8%AD%E0%B8%87%20%E0%B8%AA%E0%B8%B8%E0%B8%A3%E0%B8%B2	GranMonte Spring Chenin Blanc（กรานมอนเต้ สปริง เชอแนง บล็อง）は、カオヤイ、ナコーンラーチャシーマーに関連する白ワイン。GranMonteの白ワイン。	個別商品・銘柄	GranMonte	確認済み	https://www.granmonte.com/granmonte-wines.php
