ID	銘柄名	タイ文字表記	タイ文字表記区分	名称の要点	ジャンル	酒類大分類	産地	主原料	度数(ABV・目安)	味わい	おすすめの飲み方	レア度	製造者・ブランド	確認状態	タイ語検索判定	推奨対応	精査メモ	出典URL	Google画像検索URL	公開用解説	旧解説・ストーリー（未精査）
1	Maa Jai Dum Flowery (หมาใจดำดอกไม้)	หมาใจดำดอกไม้	タイ語資料で確認	チェンマイに関連する、ココナッツ花蜜/米を主原料として収録されたLao Khao(焼酎)。	Lao Khao(焼酎)	蒸留酒	チェンマイ	ココナッツ花蜜/米	40%	甘口(Sweet)	ロック、ソーダ割り、カクテル	コンビニ/スーパー		確認済み	北タイ商品として確認	掲載候補	เชียงใหม่の実在ブランド。正式な商品呼称は「หมาใจดำดอกไม้」。	https://gooloochiangmai.com/?p=26841	https://www.google.com/search?tbm=isch&q=%E0%B8%AB%E0%B8%A1%E0%B8%B2%E0%B9%83%E0%B8%88%E0%B8%94%E0%B8%B3%E0%B8%94%E0%B8%AD%E0%B8%81%E0%B9%84%E0%B8%A1%E0%B9%89	เชียงใหม่の実在ブランド。正式な商品呼称は「หมาใจดำดอกไม้」。	北タイ土産の定番。「心の黒い犬」というユニークな名前の蒸留酒。ココナッツや花の蜜を原料にしており、ラム酒のような甘い香りと飲みやすさがある。ロックがおすすめ。
2	Maa Jai Dum Lumka (หมาใจดำลำก้า)	หมาใจดำลำก้า	タイ語資料で確認	チェンマイに関連する、米/ジャガイモを主原料として収録されたLao Khao(焼酎)。	Lao Khao(焼酎)	蒸留酒	チェンマイ	米/ジャガイモ	40%	辛口(Dry)	少量のストレート、ロック、水割り	スーパー		確認済み	北タイ商品として確認	掲載候補	เชียงใหม่の実在ブランド。透明タイプは「หมาใจดำลำก้า」。	https://gooloochiangmai.com/?p=26841	https://www.google.com/search?tbm=isch&q=%E0%B8%AB%E0%B8%A1%E0%B8%B2%E0%B9%83%E0%B8%88%E0%B8%94%E0%B8%B3%E0%B8%A5%E0%B8%B3%E0%B8%81%E0%B9%89%E0%B8%B2	เชียงใหม่の実在ブランド。透明タイプは「หมาใจดำลำก้า」。	「黒犬」の透明バージョン。こちらはジャガイモや米をベースにしたウォッカに近い味わい。カクテルベースとして優秀で、悪酔いしにくいと評判。
3	Yod Khao Suratip (ยอดข้าวสุราทิพย์)	ยอดข้าวสุราทิพย์	暫定音写・要確認	プレー(Phrae)に関連する、もち米/糖蜜を主原料として収録されたLao Khao(焼酎)。	Lao Khao(焼酎)	蒸留酒	プレー(Phrae)	もち米/糖蜜	35%	強烈	少量のストレート、ロック、水割り	コンビニ(北タイ限定)		実在・表記とも要追加調査	名称候補のみ確認	追加調査後に判断	タイの登録銘柄一覧に「ยอดข้าวสุราทิพย์」はあるが、Tap 35・プレー産という説明は未確認。	https://www.nso.go.th/nsoweb/storage/contents_detail/2026/20260326084006_46650.pdf	https://www.google.com/search?tbm=isch&q=%E0%B8%A2%E0%B8%AD%E0%B8%94%E0%B8%82%E0%B9%89%E0%B8%B2%E0%B8%A7%E0%B8%AA%E0%B8%B8%E0%B8%A3%E0%B8%B2%E0%B8%97%E0%B8%B4%E0%B8%9E%E0%B8%A2%E0%B9%8C		「酒の都」プレー県を象徴する伝説の銘柄。安価だが、他のラオカオに比べて喉越しがスムーズ。北タイの冠婚葬祭や宴会には欠かせない「ソウルリカー」。
4	K5 (Premium Spirit)	เคไฟว์ พรีเมียมสปิริต	暫定音写・要確認	プレー(Phrae)に関連する、米を主原料として収録されたLao Khao(焼酎)。	Lao Khao(焼酎)	蒸留酒	プレー(Phrae)	米	35-40%	フルーティー	ロック、ソーダ割り、カクテル	リカーショップ		未確認	裏付けなし・差し替え推奨	差し替え推奨	「เคไฟว์ พรีเมียมสปิริต」とプレー産酒の組み合わせをタイ語検索で確認できない。		https://www.google.com/search?tbm=isch&q=%E0%B9%80%E0%B8%84%E0%B9%84%E0%B8%9F%E0%B8%A7%E0%B9%8C%20%E0%B8%9E%E0%B8%A3%E0%B8%B5%E0%B9%80%E0%B8%A1%E0%B8%B5%E0%B8%A2%E0%B8%A1%E0%B8%AA%E0%B8%9B%E0%B8%B4%E0%B8%A3%E0%B8%B4%E0%B8%95		プレー県の酒造技術を結集して作られたプレミアム・ラオカオ。従来の「安酒」のイメージを覆す、吟醸酒のようなフルーティーな香りが特徴。パッケージも高級感がある。
5	Grandma Jinn (グランマ・ジン)	แกรนด์มา จินน์ เรซิพี นัมเบอร์ 1	公式表記確認	チェンマイに関連する、ジュニパー/北タイハーブを主原料として収録されたCraft Gin。	Craft Gin	蒸留酒	チェンマイ	ジュニパー/北タイハーブ	40%	スパイシー	ロック、ソーダ割り、カクテル	バー/専門店	Lamai Distilleries / Bootleggers Trading	確認済み	タイ商品・北タイ産は未確認	追加調査後に判断	Grandma Jinnは実在するが、北タイまたはチェンマイ産という裏付けは確認できない。	https://www.bootleggerstrading.com/product/gin/grandma-jinn	https://www.google.com/search?tbm=isch&q=%E0%B9%81%E0%B8%81%E0%B8%A3%E0%B8%99%E0%B8%94%E0%B9%8C%E0%B8%A1%E0%B8%B2%20%E0%B8%88%E0%B8%B4%E0%B8%99%E0%B8%99%E0%B9%8C%20%E0%B9%80%E0%B8%A3%E0%B8%8B%E0%B8%B4%E0%B8%9E%E0%B8%B5%20%E0%B8%99%E0%B8%B1%E0%B8%A1%E0%B9%80%E0%B8%9A%E0%B8%AD%E0%B8%A3%E0%B9%8C%201		チェンマイの有名バー発のクラフトジン。地元の市場で手に入る生姜やレモングラスなど、北タイならではのボタニカルを贅沢に使用。複雑でスパイシーな香りが爆発する。
6	Gemini (ジェミニ)	เจมินี	暫定音写・要確認	チェンマイに関連する、ジュニパー/茶葉を主原料として収録されたCraft Gin。	Craft Gin	蒸留酒	チェンマイ	ジュニパー/茶葉	40%	フローラル	ロック、ソーダ割り、カクテル	バー/専門店		未確認	裏付けなし・差し替え推奨	差し替え推奨	チェンマイ産Gemini Ginをタイ語検索で確認できない。		https://www.google.com/search?tbm=isch&q=%E0%B9%80%E0%B8%88%E0%B8%A1%E0%B8%B4%E0%B8%99%E0%B8%B5		チェンマイ産のお茶や花を使用したクラフトジン。香水のように華やかで繊細な味わい。トニックウォーターで割ると香りがさらに広がる。ボトルデザインも美しい。
7	Kristall Thai Spirit (クリスタル・タイ・スピリット)	คริสตัล ไทย สปิริต	暫定音写・要確認	チェンマイに関連する、サトウキビを主原料として収録されたRum。	Rum	蒸留酒	チェンマイ	サトウキビ	40%	甘口(Sweet)	ロック、ソーダ割り、カクテル	スーパー/専門店		実在・表記とも要追加調査	商品名・酒種に不一致あり	追加調査後に判断	Kristall Thai Spirit/Ginの流通例はあるが、チェンマイ産ラムという説明は未確認。	https://www.gajkitchenchiangmai.com/menu	https://www.google.com/search?tbm=isch&q=%E0%B8%84%E0%B8%A3%E0%B8%B4%E0%B8%AA%E0%B8%95%E0%B8%B1%E0%B8%A5%20%E0%B9%84%E0%B8%97%E0%B8%A2%20%E0%B8%AA%E0%B8%9B%E0%B8%B4%E0%B8%A3%E0%B8%B4%E0%B8%95		チェンマイのサンパトーン郡にある蒸留所で作られるラム。北タイ産の良質なサトウキビを使用し、フランスのアグリコール製法に近い形で作られるため、原料の甘みが強い。
8	Lao Wiang (ラオ・ウィアン)	เหล้าเวียง	一般的なタイ語名称	チェンライ(ウィアンパパオ)に関連する、もち米を主原料として収録されたLao Khao(焼酎)。	Lao Khao(焼酎)	蒸留酒	チェンライ(ウィアンパパオ)	もち米	40%	辛口(Dry)	少量のストレート、ロック、水割り	村の売店		未確認	裏付けなし・差し替え推奨	差し替え推奨	「เหล้าเวียง」をウィアンパパオの固有銘柄として確認できない。		https://www.google.com/search?tbm=isch&q=%E0%B9%80%E0%B8%AB%E0%B8%A5%E0%B9%89%E0%B8%B2%E0%B9%80%E0%B8%A7%E0%B8%B5%E0%B8%A2%E0%B8%87		ウィアンパパオ郡で作られる地酒。伝統的な壺仕込みの技術が残っており、地元民に愛されている。かなり度数が強いが、米の旨味がしっかりある。
9	Origin Gin (オリジン)	ออริจิน จิน	暫定音写・要確認	チェンマイに関連する、ボタニカルを主原料として収録されたCraft Gin。	Craft Gin	蒸留酒	チェンマイ	ボタニカル	40%	スッキリ	ロック、ソーダ割り、カクテル	バー/通販		未確認	裏付けなし・差し替え推奨	差し替え推奨	チェンマイ産Origin Ginをタイ語検索で確認できない。		https://www.google.com/search?tbm=isch&q=%E0%B8%AD%E0%B8%AD%E0%B8%A3%E0%B8%B4%E0%B8%88%E0%B8%B4%E0%B8%99%20%E0%B8%88%E0%B8%B4%E0%B8%99		チェンマイの若手蒸留家による少量生産ジン。シトラス系のボタニカルを多用しており、ソーダ割りで飲むとタイの暑さを吹き飛ばすほど爽快。
10	Doi Kham Strawberry Wine	ไวน์สตรอว์เบอร์รีดอยคำ	暫定音写・要確認	チェンマイ(芳)に関連する、イチゴを主原料として収録されたFruit Wine。	Fruit Wine	醸造酒	チェンマイ(芳)	イチゴ	10-12%	甘口(Sweet)	よく冷やして少量ずつ	スーパー		未確認	裏付けなし・差し替え推奨	差し替え推奨	ดอยคำのイチゴ事業は確認できるが、同社のイチゴワイン商品は確認できない。	https://www.thaipost.net/main/detail/86091	https://www.google.com/search?tbm=isch&q=%E0%B9%84%E0%B8%A7%E0%B8%99%E0%B9%8C%E0%B8%AA%E0%B8%95%E0%B8%A3%E0%B8%AD%E0%B8%A7%E0%B9%8C%E0%B9%80%E0%B8%9A%E0%B8%AD%E0%B8%A3%E0%B9%8C%E0%B8%A3%E0%B8%B5%E0%B8%94%E0%B8%AD%E0%B8%A2%E0%B8%84%E0%B8%B3		王室プロジェクト「ドイカム」のロングセラー。チェンマイのファン（Fang）郡で採れたイチゴを使用。ジュースのように飲みやすいが、しっかり酔える。デザートワインに最適。
11	Doi Kham Lychee Wine	ไวน์ลิ้นจี่ดอยคำ	暫定音写・要確認	チェンマイ/チェンライに関連する、ライチを主原料として収録されたFruit Wine。	Fruit Wine	醸造酒	チェンマイ/チェンライ	ライチ	10-12%	フルーティー	よく冷やして少量ずつ	スーパー		未確認	裏付けなし・差し替え推奨	差し替え推奨	ดอยคำのライチワイン商品をタイ語検索で確認できない。		https://www.google.com/search?tbm=isch&q=%E0%B9%84%E0%B8%A7%E0%B8%99%E0%B9%8C%E0%B8%A5%E0%B8%B4%E0%B9%89%E0%B8%99%E0%B8%88%E0%B8%B5%E0%B9%88%E0%B8%94%E0%B8%AD%E0%B8%A2%E0%B8%84%E0%B8%B3		同じくドイカム製。北タイ特産のライチ（ホンアイ種など）を使用。ライチ特有の芳醇な香りがそのまま閉じ込められており、女性人気No.1。
12	Bennchcha (ベンチャー)	เบญจา	暫定音写・要確認	チェンマイに関連する、梅(Japanese Apricot)を主原料として収録されたUmeshu。	Umeshu	リキュール・混成酒	チェンマイ	梅(Japanese Apricot)	14%	濃厚	ロック、ソーダ割り、カクテル	専門店/日系居酒屋		未確認	裏付けなし・差し替え推奨	差し替え推奨	Bennchcha／เบญจาという北タイ酒を確認できない。綴り自体も要再確認。		https://www.google.com/search?tbm=isch&q=%E0%B9%80%E0%B8%9A%E0%B8%8D%E0%B8%88%E0%B8%B2		チェンライ・チェンマイの高地で栽培された梅を使った本格梅酒。日本の醸造家が技術指導しており、チョーヤにも負けない濃厚で酸味の効いた味が楽しめる。
13	Sato Siam (สาโทสยาม)	สาโทสยาม	暫定音写・要確認	北タイ全域(工場はラムパン)に関連する、もち米を主原料として収録されたSato(米酒)。	Sato(米酒)	醸造酒	北タイ全域(工場はラムパン)	もち米	8%	微発泡/甘口	よく冷やして少量ずつ	コンビニ		実在・表記とも要追加調査	実在商品・北タイ外	別枠または補足扱い	สาโทสยามは実在する市販サトーだが、北タイ固有商品ではない。	https://www.priceza.com/s/ราคา/สาโทสยาม	https://www.google.com/search?tbm=isch&q=%E0%B8%AA%E0%B8%B2%E0%B9%82%E0%B8%97%E0%B8%AA%E0%B8%A2%E0%B8%B2%E0%B8%A1	สาโทสยามは実在する市販サトーだが、北タイ固有商品ではない。	タイの「SPY」などを製造するサイアムワイナリーが手がける、最もメジャーなサトー。微発泡で甘く、マッコリやシードルに近い。コンビニで数十バーツで買える手軽さが魅力。
14	Rung Tawan (ルンタワン)	รุ่งตะวัน	暫定音写・要確認	プレー(Phrae)に関連する、糖蜜/米を主原料として収録されたLao Khao(焼酎)。	Lao Khao(焼酎)	蒸留酒	プレー(Phrae)	糖蜜/米	30-35%	強烈	少量のストレート、ロック、水割り	コンビニ(北タイ限定)		未確認	裏付けなし・差し替え推奨	差し替え推奨	รุ่งตะวันという北タイ酒の固有商品を確認できない。		https://www.google.com/search?tbm=isch&q=%E0%B8%A3%E0%B8%B8%E0%B9%88%E0%B8%87%E0%B8%95%E0%B8%B0%E0%B8%A7%E0%B8%B1%E0%B8%99		「朝日」を意味するプレー県の地酒。Sura Tapと並ぶ二大巨頭。労働者の疲れを癒やす酒として親しまれている。ハーブ酒（ヤードン）のベースに使われることが多い。
15	Mae Khong (メコン)	แม่โขง	公式表記確認	北タイ(原料)に関連する、糖蜜/米を主原料として収録されたSpirit。	Spirit	蒸留酒	北タイ(原料)	糖蜜/米	35%	スパイシー	ロック、ソーダ割り、カクテル	コンビニ/スーパー	Mekhong / ThaiBev	確認済み	実在商品・全国銘柄	別枠または補足扱い	แม่โขงは公式確認済み。ただし北タイ限定の酒ではない。	https://www.mekhong.com/index_th.html	https://www.google.com/search?tbm=isch&q=%E0%B9%81%E0%B8%A1%E0%B9%88%E0%B9%82%E0%B8%82%E0%B8%87	แม่โขงは公式確認済み。ただし北タイ限定の酒ではない。	タイ初の国産スピリッツ。工場はバンコク近郊だが、原料の米やハーブは北タイとの関わりが深い。バニラやハーブの香りが添加された、ウイスキー風の蒸留酒。
16	Phraya Rum (プラヤ)	พระยา รัม	暫定音写・要確認	ナコンパトム(熟成)に関連する、サトウキビを主原料として収録されたRum。	Rum	蒸留酒	ナコンパトム(熟成)	サトウキビ	40%	樽香/高級	ロック、ソーダ割り、カクテル	免税店/デパート		実在・表記とも要追加調査	実在商品・全国銘柄	別枠または補足扱い	พระยาはタイのラムとして流通するが、北タイ固有ではない。		https://www.google.com/search?tbm=isch&q=%E0%B8%9E%E0%B8%A3%E0%B8%B0%E0%B8%A2%E0%B8%B2%20%E0%B8%A3%E0%B8%B1%E0%B8%A1	พระยาはタイのラムとして流通するが、北タイ固有ではない。	厳密には北タイ蒸留ではないが、北部のサトウキビを使用し、世界最高賞を受賞したタイの最高級ラム。深く焦がした樽で熟成され、コニャックのような深みがある。
17	Lamphun Longan Wine	ไวน์ลำไยลำพูน	一般的なタイ語名称	ランプーンに関連する、ロンガン(竜眼)を主原料として収録されたFruit Wine。	Fruit Wine	醸造酒	ランプーン	ロンガン(竜眼)	11%	極甘口	よく冷やして少量ずつ	Otop/土産店		品目名のみ確認・銘柄要調査	一般的な酒種・固有銘柄ではない	追加調査後に判断	酒または原料の種類としては成立するが、この名称だけでは製造者・商品を特定できない。		https://www.google.com/search?tbm=isch&q=%E0%B9%84%E0%B8%A7%E0%B8%99%E0%B9%8C%E0%B8%A5%E0%B8%B3%E0%B9%84%E0%B8%A2%E0%B8%A5%E0%B8%B3%E0%B8%9E%E0%B8%B9%E0%B8%99	ไวน์ลำไยลำพูนは酒または原料・製法の一般名称として扱う。この名称だけでは特定の商品や製造者を示さない。	「ロンガンの都」ランプーン県の名産品。干しロンガンのような濃厚な甘みと燻製のような香ばしい香りがある。滋養強壮に良いとされる。
18	Laorkha (ラオカー)	เหล้าข่า	一般的なタイ語名称	チェンマイに関連する、スパイス/米を主原料として収録されたCraft Spirit。	Craft Spirit	蒸留酒	チェンマイ	スパイス/米	40%	スパイシー	ロック、ソーダ割り、カクテル	バー		品目名のみ確認・銘柄要調査	一般的な酒種・固有銘柄ではない	追加調査後に判断	酒または原料の種類としては成立するが、この名称だけでは製造者・商品を特定できない。		https://www.google.com/search?tbm=isch&q=%E0%B9%80%E0%B8%AB%E0%B8%A5%E0%B9%89%E0%B8%B2%E0%B8%82%E0%B9%88%E0%B8%B2	เหล้าข่าは酒または原料・製法の一般名称として扱う。この名称だけでは特定の商品や製造者を示さない。	北タイの「スパイス」を漬け込んだクラフトスピリッツ。シナモンやクローブの香りが強く、そのまま飲むよりカクテルのアクセントとして使われることが多い。
19	Chiang Rai Pineapple Wine	ไวน์สับปะรดเชียงราย	一般的なタイ語名称	チェンライ(ナーンレー)に関連する、パイナップルを主原料として収録されたFruit Wine。	Fruit Wine	醸造酒	チェンライ(ナーンレー)	パイナップル	12%	酸味/甘み	冷やして食事と合わせる	農園/Otop		品目名のみ確認・銘柄要調査	一般的な酒種・固有銘柄ではない	追加調査後に判断	酒または原料の種類としては成立するが、この名称だけでは製造者・商品を特定できない。		https://www.google.com/search?tbm=isch&q=%E0%B9%84%E0%B8%A7%E0%B8%99%E0%B9%8C%E0%B8%AA%E0%B8%B1%E0%B8%9A%E0%B8%9B%E0%B8%B0%E0%B8%A3%E0%B8%94%E0%B9%80%E0%B8%8A%E0%B8%B5%E0%B8%A2%E0%B8%87%E0%B8%A3%E0%B8%B2%E0%B8%A2	ไวน์สับปะรดเชียงรายは酒または原料・製法の一般名称として扱う。この名称だけでは特定の商品や製造者を示さない。	プーレー/ナーンレーパイナップルの産地で作られるワイン。白ワインに近い酸味があり、冷やして飲むとシーフード料理に合う。
20	Sura Kao (White Spirit)	สุราขาว	一般的なタイ語名称	村ごとの自家製に関連する、米を主原料として収録されたLao Khao(焼酎)。	Lao Khao(焼酎)	蒸留酒	村ごとの自家製	米	40-50%	ワイルド	ロック、ソーダ割り、カクテル	村の祭り		品目名のみ確認・銘柄要調査	一般的な酒種・固有銘柄ではない	追加調査後に判断	酒または原料の種類としては成立するが、この名称だけでは製造者・商品を特定できない。		https://www.google.com/search?tbm=isch&q=%E0%B8%AA%E0%B8%B8%E0%B8%A3%E0%B8%B2%E0%B8%82%E0%B8%B2%E0%B8%A7	สุราขาวは酒または原料・製法の一般名称として扱う。この名称だけでは特定の商品や製造者を示さない。	法的にグレーなものも含め、北タイの村々で作られる自家製米焼酎。プラスチックボトルで量り売りされる。味は作り手によって千差万別だが、最も「リアル」な北タイの味。
21	Num Mhor (ナム・モー)	น้ำหม้อ	一般的なタイ語名称	山間部(モン族等)に関連する、トウモロコシ/米を主原料として収録されたSato(米酒)。	Sato(米酒)	醸造酒	山間部(モン族等)	トウモロコシ/米	10-20%	濁り酒	冷やして食事と合わせる	村の祭り		品目名のみ確認・銘柄要調査	一般的な酒種・固有銘柄ではない	追加調査後に判断	酒または原料の種類としては成立するが、この名称だけでは製造者・商品を特定できない。		https://www.google.com/search?tbm=isch&q=%E0%B8%99%E0%B9%89%E0%B8%B3%E0%B8%AB%E0%B8%A1%E0%B9%89%E0%B8%AD	น้ำหม้อは酒または原料・製法の一般名称として扱う。この名称だけでは特定の商品や製造者を示さない。	山岳民族の村で振る舞われる濁り酒。壺（モー）に入れて発酵させ、ストローで回し飲みする文化がある。甘酸っぱく、発酵の力強さを感じる。
22	Mulberry Wine (Mae Sai)	ไวน์มัลเบอร์รีแม่สาย	一般的なタイ語名称	チェンライ(メーサイ)に関連する、桑の実を主原料として収録されたFruit Wine。	Fruit Wine	醸造酒	チェンライ(メーサイ)	桑の実	12%	渋み/赤ワイン風	冷やして食事と合わせる	Otop/茶園		品目名のみ確認・銘柄要調査	一般的な酒種・固有銘柄ではない	追加調査後に判断	酒または原料の種類としては成立するが、この名称だけでは製造者・商品を特定できない。		https://www.google.com/search?tbm=isch&q=%E0%B9%84%E0%B8%A7%E0%B8%99%E0%B9%8C%E0%B8%A1%E0%B8%B1%E0%B8%A5%E0%B9%80%E0%B8%9A%E0%B8%AD%E0%B8%A3%E0%B9%8C%E0%B8%A3%E0%B8%B5%E0%B9%81%E0%B8%A1%E0%B9%88%E0%B8%AA%E0%B8%B2%E0%B8%A2	ไวน์มัลเบอร์รีแม่สายは酒または原料・製法の一般名称として扱う。この名称だけでは特定の商品や製造者を示さない。	メーサイ周辺の茶園やシルク農場で作られるマルベリーワイン。ブドウの赤ワインに近く、タンニン（渋み）もしっかりある本格派。
23	Hong Thong (ホントーン)	หงส์ทอง	公式表記確認	北タイ流通に関連する、糖蜜/米を主原料として収録されたSpirit。	Spirit	蒸留酒	北タイ流通	糖蜜/米	35%	甘い	ロック、ソーダ割り、カクテル	コンビニ	Hong Thong / ThaiBev	確認済み	実在商品・全国銘柄	別枠または補足扱い	หงส์ทองは公式確認済み。北タイ限定ではない。	https://www.hongthong.com/	https://www.google.com/search?tbm=isch&q=%E0%B8%AB%E0%B8%87%E0%B8%AA%E0%B9%8C%E0%B8%97%E0%B8%AD%E0%B8%87	หงส์ทองは公式確認済み。北タイ限定ではない。	「金の鳳凰」。タイ全土で飲めるが、北タイの宴会での消費量は凄まじい。ソーダ割り（ホン・ソダ）は北タイの夜の基本スタイル。
24	Pundee (パンディー)	ปันดี	暫定音写・要確認	チェンマイ(サンカンペーン)に関連する、米を主原料として収録されたLao Khao(焼酎)。	Lao Khao(焼酎)	蒸留酒	チェンマイ(サンカンペーン)	米	40%	クリア	ロック、ソーダ割り、カクテル	スーパー		未確認	裏付けなし・差し替え推奨	差し替え推奨	ปันดีという北タイ酒を確認できない。		https://www.google.com/search?tbm=isch&q=%E0%B8%9B%E0%B8%B1%E0%B8%99%E0%B8%94%E0%B8%B5		「良い品種」の意。パッケージがおしゃれで若者向けのラオカオ。臭みが少なく、カクテルベースとして使いやすいよう設計されている。
25	Umeshu (Doi Angkhang)	อุเมะชูดอยอ่างขาง	暫定音写・要確認	チェンマイ(アンカーン)に関連する、梅/桃を主原料として収録されたUmeshu。	Umeshu	リキュール・混成酒	チェンマイ(アンカーン)	梅/桃	12-15%	フルーティー	ロック、ソーダ割り、カクテル	ロイヤルプロジェクト		未確認	裏付けなし・差し替え推奨	差し替え推奨	ดอยอ่างขาง産梅酒という固有商品を確認できない。		https://www.google.com/search?tbm=isch&q=%E0%B8%AD%E0%B8%B8%E0%B9%80%E0%B8%A1%E0%B8%B0%E0%B8%8A%E0%B8%B9%E0%B8%94%E0%B8%AD%E0%B8%A2%E0%B8%AD%E0%B9%88%E0%B8%B2%E0%B8%87%E0%B8%82%E0%B8%B2%E0%B8%87		ドイ・アンカーン（王室農場）で栽培された梅や桃を使ったリキュール。日本品種の梅を使っており、香りが非常に良い。季節限定品が多い。
26	Lao Ou (Lao Hai)	เหล้าอุ / เหล้าไห	一般的なタイ語名称	ナーン(Nan)に関連する、もち米/籾殻を主原料として収録されたSato(壺酒)。	Sato(壺酒)	醸造酒	ナーン(Nan)	もち米/籾殻	10-15%	甘酸っぱい/微発泡	冷やして食事と合わせる	村の祭り/Otop		品目名のみ確認・銘柄要調査	一般的な酒種・固有銘柄ではない	追加調査後に判断	酒または原料の種類としては成立するが、この名称だけでは製造者・商品を特定できない。		https://www.google.com/search?tbm=isch&q=%E0%B9%80%E0%B8%AB%E0%B8%A5%E0%B9%89%E0%B8%B2%E0%B8%AD%E0%B8%B8%20%2F%20%E0%B9%80%E0%B8%AB%E0%B8%A5%E0%B9%89%E0%B8%B2%E0%B9%84%E0%B8%AB	เหล้าอุ / เหล้าไหは酒または原料・製法の一般名称として扱う。この名称だけでは特定の商品や製造者を示さない。	ナーン県（特にプア郡）名物の壺酒。素焼きの壺にもち米と籾殻を入れて発酵させ、水を注いでストローで吸う。カルピスソーダのような甘酸っぱさと、籾殻の香ばしさがある。
27	Longan Spirit (Lamphun)	สุราลำไยลำพูน	一般的なタイ語名称	ランプーンに関連する、ロンガン(乾燥)を主原料として収録されたLao Khao(焼酎)。	Lao Khao(焼酎)	蒸留酒	ランプーン	ロンガン(乾燥)	30-35%	スモーキー/甘い	ロック、ソーダ割り、カクテル	Otop/土産店		品目名のみ確認・銘柄要調査	一般的な酒種・固有銘柄ではない	追加調査後に判断	酒または原料の種類としては成立するが、この名称だけでは製造者・商品を特定できない。		https://www.google.com/search?tbm=isch&q=%E0%B8%AA%E0%B8%B8%E0%B8%A3%E0%B8%B2%E0%B8%A5%E0%B8%B3%E0%B9%84%E0%B8%A2%E0%B8%A5%E0%B8%B3%E0%B8%9E%E0%B8%B9%E0%B8%99	สุราลำไยลำพูนは酒または原料・製法の一般名称として扱う。この名称だけでは特定の商品や製造者を示さない。	乾燥させたロンガン（ラムヤイ）を蒸留したスピリッツ。独特の燻製香と果実の甘い残り香がある。ブランデーのように食後酒として飲まれることが多い。
28	Suea 11 Tua (เสือ 11 ตัว / ヤードーン薬材)	เสือ 11 ตัว	暫定音写・要確認	全域(薬局)に関連する、生薬/ハーブを主原料として収録されたYa Dong(薬草素)。	Ya Dong(薬草素)	要分類確認	全域(薬局)	生薬/ハーブ	N/A(素)	薬草/苦味	ロック、ソーダ割り、カクテル	薬局/コンビニ		実在・表記とも要追加調査	ヤードーン処方・酒銘柄ではない	別枠または補足扱い	เสือ 11 ตัวは酒そのものではなく、白酒へ漬ける薬草処方・薬材商品。	https://www.tudsinjai.com/data/product/eleven_tigers_liquor/	https://www.google.com/search?tbm=isch&q=%E0%B9%80%E0%B8%AA%E0%B8%B7%E0%B8%AD%2011%20%E0%B8%95%E0%B8%B1%E0%B8%A7		「11匹の虎」という意味の、最も有名なヤードン（薬草酒）の素。ラオ・カオにこの粉末や塊を漬け込んで飲む。滋養強壮、筋肉痛に効くとされ、労働者の活力源。
29	Ma Krathuep Rong (ม้ากระทืบโรง / ヤードーン処方)	ม้ากระทืบโรง	一般的なタイ語名称	全域(市場)に関連する、木片/生薬を主原料として収録されたYa Dong(薬草素)。	Ya Dong(薬草素)	要分類確認	全域(市場)	木片/生薬	N/A(素)	ウッディ/渋み	ロック、ソーダ割り、カクテル	市場/薬局		品目名のみ確認・銘柄要調査	ヤードーン処方・酒銘柄ではない	別枠または補足扱い	正しいタイ語は「ม้ากระทืบโรง」。薬草酒の処方名で、固有の酒ブランドではない。	https://spacebar.th/business/explore-northeast-local-liquor-wisdom-poison	https://www.google.com/search?tbm=isch&q=%E0%B8%A1%E0%B9%89%E0%B8%B2%E0%B8%81%E0%B8%A3%E0%B8%B0%E0%B8%97%E0%B8%B7%E0%B8%9A%E0%B9%82%E0%B8%A3%E0%B8%87		「馬が踏み鳴らす」という意味の強壮ハーブ。赤い木片のような見た目。ラオ・カオに漬けると真っ赤な酒になり、精力増強の効果があると信じられている。
30	Red Rice Sato (Nam Khao Daeng)	สาโทข้าวแดง	一般的なタイ語名称	チェンマイ/全域に関連する、赤米/黒米を主原料として収録されたSato(米酒)。	Sato(米酒)	醸造酒	チェンマイ/全域	赤米/黒米	8-10%	ベリー系/甘口	よく冷やして少量ずつ	市場/自家製		品目名のみ確認・銘柄要調査	一般的な酒種・固有銘柄ではない	追加調査後に判断	酒または原料の種類としては成立するが、この名称だけでは製造者・商品を特定できない。		https://www.google.com/search?tbm=isch&q=%E0%B8%AA%E0%B8%B2%E0%B9%82%E0%B8%97%E0%B8%82%E0%B9%89%E0%B8%B2%E0%B8%A7%E0%B9%81%E0%B8%94%E0%B8%87	สาโทข้าวแดงは酒または原料・製法の一般名称として扱う。この名称だけでは特定の商品や製造者を示さない。	赤米や黒米（ライスベリー）を使って醸造した赤いサトー。見た目は赤ワインやロゼに近く、味もベリーのような酸味と渋みがある。ポリフェノール豊富。
31	Corn Whiskey (Hmong)	วิสกี้ข้าวโพดม้ง	一般的なタイ語名称	山岳部(モン族)に関連する、トウモロコシを主原料として収録されたLao Khao(焼酎)。	Lao Khao(焼酎)	蒸留酒	山岳部(モン族)	トウモロコシ	40-50%	バーボン風	ロック、ソーダ割り、カクテル	村のみ		品目名のみ確認・銘柄要調査	一般的な酒種・固有銘柄ではない	追加調査後に判断	酒または原料の種類としては成立するが、この名称だけでは製造者・商品を特定できない。		https://www.google.com/search?tbm=isch&q=%E0%B8%A7%E0%B8%B4%E0%B8%AA%E0%B8%81%E0%B8%B5%E0%B9%89%E0%B8%82%E0%B9%89%E0%B8%B2%E0%B8%A7%E0%B9%82%E0%B8%9E%E0%B8%94%E0%B8%A1%E0%B9%89%E0%B8%87	วิสกี้ข้าวโพดม้งは酒または原料・製法の一般名称として扱う。この名称だけでは特定の商品や製造者を示さない。	モン族の村で作られる、トウモロコシを原料とした蒸留酒。製法はアメリカのムーンシャイン（密造酒）やバーボンに近い。荒々しいが、穀物の甘みが強い。
32	Manee Piti Chujai Rice Wine (มานี ปิติ ชูใจ)	มานี ปิติ ชูใจ	タイ語資料で確認	ウタイタニ/北に関連する、ハーブを主原料として収録されたSpirit。	Spirit	蒸留酒	ウタイタニ/北	ハーブ	35%	清涼感	ロック、ソーダ割り、カクテル	コンビニ		確認済み	北タイ商品として確認	掲載候補	มานี ปิติ ชูใจはサンカムペーンの伝統的な米の醸造酒として確認。	https://gooloochiangmai.com/?p=26811	https://www.google.com/search?tbm=isch&q=%E0%B8%A1%E0%B8%B2%E0%B8%99%E0%B8%B5%20%E0%B8%9B%E0%B8%B4%E0%B8%95%E0%B8%B4%20%E0%B8%8A%E0%B8%B9%E0%B9%83%E0%B8%88	มานี ปิติ ชูใจはサンカムペーンの伝統的な米の醸造酒として確認。	「心を癒やす」という名のハーブ酒。厳密には北タイ限定ではないが、北部での消費が多い。薬草の香りがするが、ヤードンほど薬っぽくなく飲みやすい。
33	Phaya Sua (Tiger King)	พญาเสือ	暫定音写・要確認	プレー(Phrae)に関連する、米/糖蜜を主原料として収録されたLao Khao(焼酎)。	Lao Khao(焼酎)	蒸留酒	プレー(Phrae)	米/糖蜜	40%	辛口(Dry)	少量のストレート、ロック、水割り	リカーショップ		実在・表記とも要追加調査	実在商品・北タイ産は未確認	追加調査後に判断	พญาเสือという白酒銘柄は確認できるが、北タイ産という裏付けはない。	https://www.nationtv.tv/news/378865956	https://www.google.com/search?tbm=isch&q=%E0%B8%9E%E0%B8%8D%E0%B8%B2%E0%B9%80%E0%B8%AA%E0%B8%B7%E0%B8%AD	พญาเสือという白酒銘柄は確認できるが、北タイ産という裏付けはない。	プレー県の硬派な地酒ブランド。甘さを抑えたドライな味わいで、キレがある。ロックで飲むと米の甘みが引き立つ。地元のおじさん達の愛飲酒。
34	Chiang Rai Coffee Liqueur	เหล้ากาแฟเชียงราย	一般的なタイ語名称	チェンライ(ドイチャン)に関連する、コーヒー/ラムを主原料として収録されたLiqueur。	Liqueur	リキュール・混成酒	チェンライ(ドイチャン)	コーヒー/ラム	20-25%	ビター/甘口	ロック、ソーダ割り、カクテル	カフェ/土産店		品目名のみ確認・銘柄要調査	一般的な酒種・固有銘柄ではない	追加調査後に判断	酒または原料の種類としては成立するが、この名称だけでは製造者・商品を特定できない。		https://www.google.com/search?tbm=isch&q=%E0%B9%80%E0%B8%AB%E0%B8%A5%E0%B9%89%E0%B8%B2%E0%B8%81%E0%B8%B2%E0%B9%81%E0%B8%9F%E0%B9%80%E0%B8%8A%E0%B8%B5%E0%B8%A2%E0%B8%87%E0%B8%A3%E0%B8%B2%E0%B8%A2	เหล้ากาแฟเชียงรายは酒または原料・製法の一般名称として扱う。この名称だけでは特定の商品や製造者を示さない。	ドイチャン等のコーヒー豆を、地元のラムやスピリッツに漬け込んだリキュール。カルーアよりも甘さ控えめで、コーヒー本来の酸味や苦味が生きている。ミルク割り専用。
35	Honey Wine (Mead)	ไวน์น้ำผึ้ง	一般的なタイ語名称	チェンライ/チェンマイに関連する、蜂蜜を主原料として収録されたFruit Wine。	Fruit Wine	醸造酒	チェンライ/チェンマイ	蜂蜜	12%	極甘口/花香	よく冷やして少量ずつ	養蜂場/Otop		品目名のみ確認・銘柄要調査	一般的な酒種・固有銘柄ではない	追加調査後に判断	酒または原料の種類としては成立するが、この名称だけでは製造者・商品を特定できない。		https://www.google.com/search?tbm=isch&q=%E0%B9%84%E0%B8%A7%E0%B8%99%E0%B9%8C%E0%B8%99%E0%B9%89%E0%B8%B3%E0%B8%9C%E0%B8%B6%E0%B9%89%E0%B8%87	ไวน์น้ำผึ้งは酒または原料・製法の一般名称として扱う。この名称だけでは特定の商品や製造者を示さない。	北タイの豊かな森で採れた蜂蜜を発酵させたミード（蜂蜜酒）。ロンガンの花の蜜を使ったものは濃厚な香り、百花蜜は複雑な味がする。冷やしてデザート酒として。
36	Ruang Khao (Silver)	รวงข้าว	公式表記確認	全域に関連する、糖蜜/米を主原料として収録されたLao Khao(焼酎)。	Lao Khao(焼酎)	蒸留酒	全域	糖蜜/米	30-40%	工業的/クリア	ロック、ソーダ割り、カクテル	どこでも	Ruang Khao / ThaiBev	確認済み	実在商品・全国銘柄	別枠または補足扱い	รวงข้าวはThaiBevの白酒。北タイ限定ではない。	https://www.thaibev.com/aboutus/thaibev?select_about=1&select_tab=2	https://www.google.com/search?tbm=isch&q=%E0%B8%A3%E0%B8%A7%E0%B8%87%E0%B8%82%E0%B9%89%E0%B8%B2%E0%B8%A7	รวงข้าวはThaiBevの白酒。北タイ限定ではない。	「稲穂」マークの、タイで最も売れている蒸留酒。味は工業的だが、タイの酒文化のベースラインを知るために避けて通れない一本。全てのヤードンのベースに使われる。
37	Mao Berry Wine	ไวน์มะเม่า	一般的なタイ語名称	北東部/北タイに関連する、マオベリーを主原料として収録されたFruit Wine。	Fruit Wine	醸造酒	北東部/北タイ	マオベリー	10-12%	赤ワイン風	冷やして食事と合わせる	Otop		品目名のみ確認・銘柄要調査	一般的な酒種・固有銘柄ではない	追加調査後に判断	酒または原料の種類としては成立するが、この名称だけでは製造者・商品を特定できない。		https://www.google.com/search?tbm=isch&q=%E0%B9%84%E0%B8%A7%E0%B8%99%E0%B9%8C%E0%B8%A1%E0%B8%B0%E0%B9%80%E0%B8%A1%E0%B9%88%E0%B8%B2	ไวน์มะเม่าは酒または原料・製法の一般名称として扱う。この名称だけでは特定の商品や製造者を示さない。	「マオベリー（山葡萄の一種）」のワイン。北東部（イサーン）が本場だが、北タイの市場でもよく見かける。ポリフェノールたっぷりで、シラーズのような重厚感がある。
38	Niyom Thai (Popular Thai)	นิยมไทย	公式表記確認	チェンマイに関連する、米を主原料として収録されたLao Khao(焼酎)。	Lao Khao(焼酎)	蒸留酒	チェンマイ	米	35-40%	バランス	ロック、ソーダ割り、カクテル	スーパー	Niyom Thai / ThaiBev	確認済み	実在商品・全国銘柄	別枠または補足扱い	นิยมไทยはThaiBev系の登録銘柄。北タイ限定ではない。	https://www.thaibev.com/aboutus/thaibev?select_about=1&select_tab=2	https://www.google.com/search?tbm=isch&q=%E0%B8%99%E0%B8%B4%E0%B8%A2%E0%B8%A1%E0%B9%84%E0%B8%97%E0%B8%A2	นิยมไทยはThaiBev系の登録銘柄。北タイ限定ではない。	「タイの人気」という直球な名前の地酒。ラベルデザインがレトロで可愛い。味はクセがなく、初心者向けのラオ・カオとしてポジションを確立している。
39	Lao Khao (Plastic Bag)	เหล้าขาว	一般的なタイ語名称	村の雑貨屋に関連する、米を主原料として収録されたLao Khao(焼酎)。	Lao Khao(焼酎)	蒸留酒	村の雑貨屋	米	40%	強烈/謎	少量のストレート、ロック、水割り	村の雑貨屋		品目名のみ確認・銘柄要調査	一般酒・公開非推奨	差し替え推奨	袋入り白酒はブランドではなく非正規流通を連想させる。紹介項目としては差し替え推奨。		https://www.google.com/search?tbm=isch&q=%E0%B9%80%E0%B8%AB%E0%B8%A5%E0%B9%89%E0%B8%B2%E0%B8%82%E0%B8%B2%E0%B8%A7		ブランド名はない。村の雑貨屋で「20バーツ分」と言ってビニール袋に入れてもらう量り売りの焼酎。正体不明だが、その村で一番新鮮な地酒。※自己責任で楽しむ上級者向け。
40	Kilo Spirits (กิโลสปิริต)	กิโลสปิริต	暫定音写・要確認	クラビ/北タイ(ボタニカル)に関連する、スパイスを主原料として収録されたCraft Gin。	Craft Gin	蒸留酒	クラビ/北タイ(ボタニカル)	スパイス	40%	パンチあり	ロック、ソーダ割り、カクテル	バー/専門店		実在・表記とも要追加調査	実在商品・北タイ外	別枠または補足扱い	กิโลสปิริตは実在するが、タイ語資料ではクラビの事業者として紹介される。	https://www.thairath.co.th/news/local/2826846	https://www.google.com/search?tbm=isch&q=%E0%B8%81%E0%B8%B4%E0%B9%82%E0%B8%A5%E0%B8%AA%E0%B8%9B%E0%B8%B4%E0%B8%A3%E0%B8%B4%E0%B8%95	กิโลสปิริตは実在するが、タイ語資料ではクラビの事業者として紹介される。	拠点は南部だが、北タイのスパイス（マクウェン等）を積極的に使用したクラフトジン。香りが非常に強く、トニックで割ってもスパイス感が消えない。
41	Phrae Rice Brandy	บรั่นดีข้าวแพร่	一般的なタイ語名称	プレー(Phrae)に関連する、米(熟成)を主原料として収録されたSpirit。	Spirit	蒸留酒	プレー(Phrae)	米(熟成)	35-40%	まろやか	ロック、ソーダ割り、カクテル	蒸留所直売		品目名のみ確認・銘柄要調査	一般的な酒種・固有銘柄ではない	追加調査後に判断	酒または原料の種類としては成立するが、この名称だけでは製造者・商品を特定できない。		https://www.google.com/search?tbm=isch&q=%E0%B8%9A%E0%B8%A3%E0%B8%B1%E0%B9%88%E0%B8%99%E0%B8%94%E0%B8%B5%E0%B8%82%E0%B9%89%E0%B8%B2%E0%B8%A7%E0%B9%81%E0%B8%9E%E0%B8%A3%E0%B9%88	บรั่นดีข้าวแพร่は酒または原料・製法の一般名称として扱う。この名称だけでは特定の商品や製造者を示さない。	プレー県の一部の蒸留所で作られる、木樽で熟成させた米焼酎。色は薄い琥珀色。焼酎というよりウイスキーやブランデーに近いまろやかさがある隠れた名品。
42	Passion Fruit Liqueur	เหล้าเสาวรส	一般的なタイ語名称	ドイカム/各地に関連する、パッションフルーツを主原料として収録されたFruit Wine。	Fruit Wine	醸造酒	ドイカム/各地	パッションフルーツ	10-15%	酸味/トロピカル	冷やして食事と合わせる	スーパー		品目名のみ確認・銘柄要調査	一般的な酒種・固有銘柄ではない	追加調査後に判断	酒または原料の種類としては成立するが、この名称だけでは製造者・商品を特定できない。		https://www.google.com/search?tbm=isch&q=%E0%B9%80%E0%B8%AB%E0%B8%A5%E0%B9%89%E0%B8%B2%E0%B9%80%E0%B8%AA%E0%B8%B2%E0%B8%A7%E0%B8%A3%E0%B8%AA	เหล้าเสาวรสは酒または原料・製法の一般名称として扱う。この名称だけでは特定の商品や製造者を示さない。	パッションフルーツの果汁をたっぷり使ったお酒。酸味が強烈で、ソーダで割ると非常に爽やか。食前酒として優秀。
43	White Rabbit Vodka (ไวต์แรบบิต・オーストラリア産)	ไวต์แรบบิต วอดก้า	暫定音写・要確認	チェンマイに関連する、米/ハーブを主原料として収録されたCraft Spirit。	Craft Spirit	蒸留酒	チェンマイ	米/ハーブ	40%	フローラル	ロック、ソーダ割り、カクテル	バー/イベント		実在・表記とも要追加調査	北タイ商品ではない	差し替え推奨	White Rabbit Vodkaの流通品はオーストラリア産として案内され、北タイとの関係を確認できない。	https://www.songsaengsawang.com/product/199236-199217/white-rabbit-vodka-700ml	https://www.google.com/search?tbm=isch&q=%E0%B9%84%E0%B8%A7%E0%B8%95%E0%B9%8C%E0%B9%81%E0%B8%A3%E0%B8%9A%E0%B8%9A%E0%B8%B4%E0%B8%95%20%E0%B8%A7%E0%B8%AD%E0%B8%94%E0%B8%81%E0%B9%89%E0%B8%B2		チェンマイの有名バー「White Rabbit」が手がけるハウススピリッツ。カクテルベースにするために設計されており、余計な雑味がないクリーンな味わい。
44	Kaow Mak (カオマーク)	ข้าวหมาก	一般的なタイ語名称	全域(市場)に関連する、もち米/麹を主原料として収録されたSato(食べる酒)。	Sato(食べる酒)	醸造酒	全域(市場)	もち米/麹	2-3%	甘酒/デザート	冷やして食事と合わせる	市場(朝市)		品目名のみ確認・銘柄要調査	発酵食品・酒銘柄ではない	別枠または補足扱い	ข้าวหมากは甘酒状の発酵食品・発酵米。酒ブランドとして扱わない。		https://www.google.com/search?tbm=isch&q=%E0%B8%82%E0%B9%89%E0%B8%B2%E0%B8%A7%E0%B8%AB%E0%B8%A1%E0%B8%B2%E0%B8%81		バナナの葉に包まれた「発酵したもち米」。厳密にはお菓子だが、アルコール分が含まれており、食べすぎると酔う。「食べる甘酒」のような存在。
45	Tamarind Wine	ไวน์มะขาม	一般的なタイ語名称	ペッチャブーン/北タイに関連する、タマリンドを主原料として収録されたFruit Wine。	Fruit Wine	醸造酒	ペッチャブーン/北タイ	タマリンド	10%	甘酸っぱい	冷やして食事と合わせる	Otop		品目名のみ確認・銘柄要調査	一般的な酒種・固有銘柄ではない	追加調査後に判断	酒または原料の種類としては成立するが、この名称だけでは製造者・商品を特定できない。		https://www.google.com/search?tbm=isch&q=%E0%B9%84%E0%B8%A7%E0%B8%99%E0%B9%8C%E0%B8%A1%E0%B8%B0%E0%B8%82%E0%B8%B2%E0%B8%A1	ไวน์มะขามは酒または原料・製法の一般名称として扱う。この名称だけでは特定の商品や製造者を示さない。	隣接するペッチャブーン県などが産地だが、北タイでも流通。タマリンドの甘酸っぱさが凝縮されており、梅酒に近い感覚で飲める。
46	SangSom (SangSom)	แสงโสม	公式表記確認	全域に関連する、糖蜜を主原料として収録されたRum。	Rum	蒸留酒	全域	糖蜜	40%	甘い/樽香	ロック、ソーダ割り、カクテル	どこでも	SangSom / ThaiBev	確認済み	実在商品・全国銘柄	別枠または補足扱い	แสงโสมは公式確認済みのタイ産ラム。北タイ限定ではない。	https://sangsom.com/th/story/	https://www.google.com/search?tbm=isch&q=%E0%B9%81%E0%B8%AA%E0%B8%87%E0%B9%82%E0%B8%AA%E0%B8%A1	แสงโสมは公式確認済みのタイ産ラム。北タイ限定ではない。	「タイのウイスキー」と呼ばれるが実はラム酒。北タイの夜遊びには欠かせない。バケツ（Bucket）カクテルのベース。ハーブやスパイスの香りが添加されている。
47	Lao Khao Hom Mali	เหล้าขาวหอมมะลิ	一般的なタイ語名称	各地に関連する、ジャスミンライスを主原料として収録されたLao Khao(焼酎)。	Lao Khao(焼酎)	蒸留酒	各地	ジャスミンライス	40%	香り高い	ロック、ソーダ割り、カクテル	リカーショップ		品目名のみ確認・銘柄要調査	一般的な酒種・固有銘柄ではない	追加調査後に判断	酒または原料の種類としては成立するが、この名称だけでは製造者・商品を特定できない。		https://www.google.com/search?tbm=isch&q=%E0%B9%80%E0%B8%AB%E0%B8%A5%E0%B9%89%E0%B8%B2%E0%B8%82%E0%B8%B2%E0%B8%A7%E0%B8%AB%E0%B8%AD%E0%B8%A1%E0%B8%A1%E0%B8%B0%E0%B8%A5%E0%B8%B4	เหล้าขาวหอมมะลิは酒または原料・製法の一般名称として扱う。この名称だけでは特定の商品や製造者を示さない。	高級な「ジャスミンライス（香り米）」を100%使用した贅沢なラオ・カオ。炊きたてのご飯のような香りが鼻に抜ける。冷やしてストレートで飲むのがおすすめ。
48	Ginger Wine	ไวน์ขิง	一般的なタイ語名称	チェンライ(高地)に関連する、生姜を主原料として収録されたFruit Wine。	Fruit Wine	醸造酒	チェンライ(高地)	生姜	10-12%	スパイシー	冷やして食事と合わせる	農園/Otop		品目名のみ確認・銘柄要調査	一般的な酒種・固有銘柄ではない	追加調査後に判断	酒または原料の種類としては成立するが、この名称だけでは製造者・商品を特定できない。		https://www.google.com/search?tbm=isch&q=%E0%B9%84%E0%B8%A7%E0%B8%99%E0%B9%8C%E0%B8%82%E0%B8%B4%E0%B8%87	ไวน์ขิงは酒または原料・製法の一般名称として扱う。この名称だけでは特定の商品や製造者を示さない。	高地栽培の生姜を使ったワイン。飲むと体が温まるため、冬の寒い時期に山岳部で好まれる。ホットワインにしても美味しい。
49	Hong Thong (Sai / Clear)	หงส์ทอง (ใส / เคลียร์)	暫定音写・要確認	全域に関連する、糖蜜を主原料として収録されたSpirit。	Spirit	蒸留酒	全域	糖蜜	35%	クリア	ロック、ソーダ割り、カクテル	コンビニ		未確認	裏付けなし・差し替え推奨	差し替え推奨	หงส์ทองのClear/Saiという公式商品を確認できない。通常のหงส์ทองとの重複。		https://www.google.com/search?tbm=isch&q=%E0%B8%AB%E0%B8%87%E0%B8%AA%E0%B9%8C%E0%B8%97%E0%B8%AD%E0%B8%87%20(%E0%B9%83%E0%B8%AA%20%2F%20%E0%B9%80%E0%B8%84%E0%B8%A5%E0%B8%B5%E0%B8%A2%E0%B8%A3%E0%B9%8C)		「ホントーン」の透明バージョン。樽熟成させていないため、ラムの原酒に近い甘い香りがダイレクトに感じられる。カクテルベース向き。
50	Nam Khao (Moonshine)	น้ำข้าว	一般的なタイ語名称	山奥に関連する、米/果実を主原料として収録されたLao Khao(密造)。	Lao Khao(密造)	蒸留酒	山奥	米/果実	50%以上	火気厳禁	ロック、ソーダ割り、カクテル	入手不可		品目名のみ確認・銘柄要調査	一般的な酒種・固有銘柄ではない	追加調査後に判断	酒または原料の種類としては成立するが、この名称だけでは製造者・商品を特定できない。		https://www.google.com/search?tbm=isch&q=%E0%B8%99%E0%B9%89%E0%B8%B3%E0%B8%82%E0%B9%89%E0%B8%B2%E0%B8%A7	น้ำข้าวは酒または原料・製法の一般名称として扱う。この名称だけでは特定の商品や製造者を示さない。	「白い水」の意。山奥でひっそりと作られる高濃度の蒸留酒。度数が高すぎて火をつけると燃える。村長クラスの許可がないと飲めない幻の酒。
