ID	県名（日本語）	県名（英語）	県名（タイ語）	地方区分	ISO 3166-2	県標語（タイ語）	県標語（日本語訳）	県木（タイ語）	県花（タイ語・候補）	県章説明（英語資料）	県章説明（日本語要約）	象徴文化・産業	代表的地形	隣接県	県標語・県木出典URL	県花出典URL	県章出典URL	確認状態	精査メモ
1	チェンライ	Chiang Rai	เชียงราย	北部	TH-57	เหนือสุดยอดในสยาม ชายแดนสามแผ่นดิน ถิ่นวัฒนธรรมล้านนา ล้ำค่าพระธาตุดอยตุง		กะสะลองคำ	ดอกพวงแสด	A white elephant , the royal symbol, as a reminder of the fact that Chiang Rai was founded by King Mangrai because his elephant liked the place, according to the legend.					https://www.orst.go.th/iwfm_modal.asp?i=3%3B225%3B7OJG5813226226292222622&m=n	https://hilight.kapook.com/view/88170	https://en.wikipedia.org/wiki/Seals_of_the_provinces_of_Thailand	原文確認済み	県標語・県木は公的一覧、県花と県章は全国一覧の原文を収録。日本語訳・要約は公開前に個別精査する。
2	ナーン	Nan	น่าน	北部	TH-55	แข่งเรือลือเลื่อง เมืองงาช้างดำ จิตรกรรมวัดภูมินทร์ แดนดินส้มสีทอง เรืองรองพระธาตุแช่แห้ง		กำลังเสือโคร่ง	ดอกเสี้ยวดอกขาว	A deity bull named Usubharaja (aka. Nandi , the Shiva 's Vahana ) carrying the stupa of Phrathat Chae Haeng.					https://www.orst.go.th/iwfm_modal.asp?i=3%3B225%3B7OJG5813226226292222622&m=n	https://hilight.kapook.com/view/88170	https://en.wikipedia.org/wiki/Seals_of_the_provinces_of_Thailand	原文確認済み	県標語・県木は公的一覧、県花と県章は全国一覧の原文を収録。日本語訳・要約は公開前に個別精査する。
3	パヤオ	Phayao	พะเยา	北部	TH-56	กว๊านพะเยาแหล่งชีวิต ศักดิ์สิทธิ์พระเจ้าตนหลวง บวงสรวงพ่อขุนงำเมือง งามลือเลื่องดอยบุษราคัม		สารภี	ดอกสารภี	The Buddha's statue called Phra Chao Ton Luang from the temple Wat Si Khom Kham . Behind are 7 flames showing the glory of Buddha. In front of Buddha is a bowl and two ears of rice.					https://www.orst.go.th/iwfm_modal.asp?i=3%3B225%3B7OJG5813226226292222622&m=n	https://hilight.kapook.com/view/88170	https://en.wikipedia.org/wiki/Seals_of_the_provinces_of_Thailand	原文確認済み	県標語・県木は公的一覧、県花と県章は全国一覧の原文を収録。日本語訳・要約は公開前に個別精査する。
4	チェンマイ	Chiang Mai	เชียงใหม่	北部	TH-50	ดอยสุเทพเป็นศรี ประเพณีเป็นสง่า บุปผาชาติล้วนงามตา นามล้ำค่านครพิงค์		ทองกวาว	ดอกทองกวาว	A white elephant in a glass pavilion to commemorate the offering of such an elephant by Thammalangka , a ruler of Chiang Mai, to his overlord, King Rama II of Bangkok. The pavilion symbolizes that Buddhism prospered in Chiang Mai, especially when in 1477 the teachings of Buddha, the Tripitaka , were reviewed.					https://www.orst.go.th/iwfm_modal.asp?i=3%3B225%3B7OJG5813226226292222622&m=n	https://hilight.kapook.com/view/88170	https://en.wikipedia.org/wiki/Seals_of_the_provinces_of_Thailand	原文確認済み	県標語・県木は公的一覧、県花と県章は全国一覧の原文を収録。日本語訳・要約は公開前に個別精査する。
5	メーホンソン	Mae Hong Son	แม่ฮ่องสอน	北部	TH-58	หมอกสามฤดู กองมูเสียดฟ้า ป่าเขียวขจี ผู้คนดี ประเพณีงาม ลือนามถิ่นบัวตอง		กระพี้จั่น	ดอกบัวตอง	The provincial seal, Rup chang nai thong nam (รูปช้างในท้องน้ำ), shows an elephant in the water as a reference to the founding of the town by Lord Kaeo of Ma when he was sent to capture elephants for the Lord of Chiang Mai (1825–1846).					https://www.orst.go.th/iwfm_modal.asp?i=3%3B225%3B7OJG5813226226292222622&m=n	https://hilight.kapook.com/view/88170	https://en.wikipedia.org/wiki/Seals_of_the_provinces_of_Thailand	原文確認済み	県標語・県木は公的一覧、県花と県章は全国一覧の原文を収録。日本語訳・要約は公開前に個別精査する。
6	プレー	Phrae	แพร่	北部	TH-54	หม้อห้อม ไม้สัก ถิ่นรักพระลอ ช่อแฮศรีเมือง ลือเลื่องแพะเมืองผี คนแพร่นี้ใจงาม		ยมหิน	ดอกยมหิน	According to legend the two cities of Phrae and Nan were once ruled by brothers. When they met to divide the land between them the one from Phrae rode on a horse, the one from Nan on a buffalo to the meeting point on top of a mountain. Hence Phrae uses a horse in their seal, while Nan uses a buffalo. When the provincial government proposed the seal in 1940, the Fine Arts Department suggested adding a historic building to the seal in addition to the horse, thus it now has the stupa of Phra Tat Cho Hae on the back of the horse.					https://www.orst.go.th/iwfm_modal.asp?i=3%3B225%3B7OJG5813226226292222622&m=n	https://hilight.kapook.com/view/88170	https://en.wikipedia.org/wiki/Seals_of_the_provinces_of_Thailand	原文確認済み	県標語・県木は公的一覧、県花と県章は全国一覧の原文を収録。日本語訳・要約は公開前に個別精査する。
7	ランパーン	Lampang	ลำปาง	北部	TH-52	ถ่านหินลือชา รถม้าลือลั่น เครื่องปั้นลือนาม งามพระธาตุลือไกล ฝึกช้างใช้ลือโลก		ขะจาว	ดอกธรรมรักษา	A white rooster at the gates of Wat Phra That Lampang Luang , illustrating a local legend about the Buddha's visit to the province.					https://www.orst.go.th/iwfm_modal.asp?i=3%3B225%3B7OJG5813226226292222622&m=n	https://hilight.kapook.com/view/88170	https://en.wikipedia.org/wiki/Seals_of_the_provinces_of_Thailand	原文確認済み	県標語・県木は公的一覧、県花と県章は全国一覧の原文を収録。日本語訳・要約は公開前に個別精査する。
8	ラムプーン	Lamphun	ลำพูน	北部	TH-51	พระธาตุเด่น พระรอดขลัง ลำไยดัง กระเทียมดี ประเพณีงาม จามเทวีศรีหริภุญไชย		จามจุรี	ดอกทองกวาว	Wat Phra That Haripunchai temple, which was already the main temple of the city Lamphun during the Mon epoch.					https://www.orst.go.th/iwfm_modal.asp?i=3%3B225%3B7OJG5813226226292222622&m=n	https://hilight.kapook.com/view/88170	https://en.wikipedia.org/wiki/Seals_of_the_provinces_of_Thailand	原文確認済み	県標語・県木は公的一覧、県花と県章は全国一覧の原文を収録。日本語訳・要約は公開前に個別精査する。
9	ウッタラディット	Uttaradit	อุตรดิตถ์	北部	TH-53	เหล็กน้ำพี้ลือเลื่อง เมืองลางสาดหวาน บ้านพระยาพิชัยดาบหัก ถิ่นสักใหญ่ของโลก		สัก	ดอกประดู่	The mondop at Wat Phra Thaen Sila At temple, in Baan Phra Thaen in the Laplae district. The main item of worship in the temple is a laterite block, which is believed to have been used by Buddha to seek enlightenment. The mondhop is built upon this block.					https://www.orst.go.th/iwfm_modal.asp?i=3%3B225%3B7OJG5813226226292222622&m=n	https://hilight.kapook.com/view/88170	https://en.wikipedia.org/wiki/Seals_of_the_provinces_of_Thailand	原文確認済み	県標語・県木は公的一覧、県花と県章は全国一覧の原文を収録。日本語訳・要約は公開前に個別精査する。
10	バンコク	Bangkok	กรุงเทพมหานคร	中部	TH-10	กรุงเทพฯ ดุจเทพสร้าง เมืองศูนย์กลางการปกครอง วัด วัง งามเรืองรอง เมืองหลวงของประเทศไทย		ไทรใบแหลม	設定なし／未設定	Hindu god Indra with a vajra in his hand on the mythological four-headed elephant Erawan (Airavata). The seal was based on a painting by Prince Narisara Nuvadtivong .					https://www.orst.go.th/iwfm_modal.asp?i=3%3B225%3B7OJG5813226226292222622&m=n	https://hilight.kapook.com/view/88170	https://en.wikipedia.org/wiki/Seals_of_the_provinces_of_Thailand	原文確認済み	県標語・県木は公的一覧、県花と県章は全国一覧の原文を収録。日本語訳・要約は公開前に個別精査する。
11	ピッサヌローク	Phitsanulok	พิษณุโลก	中部	TH-65	พระพุทธชินราชงามเลิศ ถิ่นกำเนิดพระนเรศวร สองฝั่งน่านล้วนเรือนแพ หวานฉ่ำแท้กล้วยตาก ถ้ำและน้ำตกหลากตระการตา		ปีบ	ดอกนนทรี	Buddha Chinnarat, considered one of the most beautiful Buddha figures in Thailand. It is located in Wat Mahathat temple in the city Phitsanulok. [ 2 ]					https://www.orst.go.th/iwfm_modal.asp?i=3%3B225%3B7OJG5813226226292222622&m=n	https://hilight.kapook.com/view/88170	https://en.wikipedia.org/wiki/Seals_of_the_provinces_of_Thailand	原文確認済み	県標語・県木は公的一覧、県花と県章は全国一覧の原文を収録。日本語訳・要約は公開前に個別精査する。
12	スコータイ	Sukhothai	สุโขทัย	中部	TH-64	มรดกโลกล้ำเลิศ กำเนิดลายสือไทย เล่นไฟลอยกระทง ดำรงพุทธศาสนา งามตาผ้าตีนจก สังคโลกทองโบราณ สักการแม่ย่าพ่อขุน รุ่งอรุณแห่งความสุข		มะค่าโมง	ดอกบัวหลวง	King Ram Khamhaeng the Great of the Phra Ruang dynasty seated on the Manangkhasila Asana throne, symbolizing his just rule and the peace of his people.					https://www.orst.go.th/iwfm_modal.asp?i=3%3B225%3B7OJG5813226226292222622&m=n	https://hilight.kapook.com/view/88170	https://sukhothai.m-society.go.th/?page_id=725	原文確認済み	県標語・県木は公的一覧、県花と県章は全国一覧の原文を収録。日本語訳・要約は公開前に個別精査する。
13	ペッチャブーン	Phetchabun	เพชรบูรณ์	中部	TH-67	เมืองมะขามหวาน อุทยานน้ำหนาว ศรีเทพเมืองเก่า เขาค้ออนุสรณ์ นครพ่อขุนผาเมือง		มะขาม	ดอกมะขาม	A diamond before a mountain, as diamonds are found in this mountainous province . In the front are tobacco plants as one of the crops grown in the province.					https://www.orst.go.th/iwfm_modal.asp?i=3%3B225%3B7OJG5813226226292222622&m=n	https://hilight.kapook.com/view/88170	https://en.wikipedia.org/wiki/Seals_of_the_provinces_of_Thailand	原文確認済み	県標語・県木は公的一覧、県花と県章は全国一覧の原文を収録。日本語訳・要約は公開前に個別精査する。
14	カムペーンペット	Kamphaeng Phet	กำแพงเพชร	中部	TH-62	กรุพระเครื่อง เมืองคนแกร่ง พระแสงฯ ล้ำค่า ศิลาแลงใหญ่ กล้วยไข่หวาน น้ำมันลานกระบือ เลื่องลือมรดกโลก		สีเสียดแก่น	ดอกพิกุล	The city walls surmounted by diamonds , since the city name means diamond wall					https://www.orst.go.th/iwfm_modal.asp?i=3%3B225%3B7OJG5813226226292222622&m=n	https://hilight.kapook.com/view/88170	https://en.wikipedia.org/wiki/Seals_of_the_provinces_of_Thailand	原文確認済み	県標語・県木は公的一覧、県花と県章は全国一覧の原文を収録。日本語訳・要約は公開前に個別精査する。
15	ナコーンサワン	Nakhon Sawan	นครสวรรค์	中部	TH-60	เมืองสี่แคว แห่มังกร พักผ่อนบึงบอระเพ็ด ปลารสเด็ดปากน้ำโพ		อินทราชิต	ดอกเสลา	Wiman , a mythological palace located in heaven. This relates to the name of the province which translates to Heavenly City					https://www.orst.go.th/iwfm_modal.asp?i=3%3B225%3B7OJG5813226226292222622&m=n	https://hilight.kapook.com/view/88170	https://en.wikipedia.org/wiki/Seals_of_the_provinces_of_Thailand	原文確認済み	県標語・県木は公的一覧、県花と県章は全国一覧の原文を収録。日本語訳・要約は公開前に個別精査する。
16	ノンタブリー	Nonthaburi	นนทบุรี	中部	TH-12	พระตำหนักสง่างาม ลือนามสวนสมเด็จ เกาะเกร็ดแหล่งดินเผาวัดเก่านามระบือ เลื่องลือทุเรียนนนท์ งามน่ายลศูนย์ราชการ		นนทรี	ดอกนนทรี	A pot ( Kalasha ) , made of fine earthenware is a traditional product from Nonthaburi. The pot also symbolizes the fertility of the province.					https://www.orst.go.th/iwfm_modal.asp?i=3%3B225%3B7OJG5813226226292222622&m=n	https://hilight.kapook.com/view/88170	https://en.wikipedia.org/wiki/Seals_of_the_provinces_of_Thailand	原文確認済み	県標語・県木は公的一覧、県花と県章は全国一覧の原文を収録。日本語訳・要約は公開前に個別精査する。
17	ロッブリー	Lopburi	ลพบุรี	中部	TH-16	วังนารายณ์คู่บ้าน ศาลพระกาฬคู่เมือง ปรางค์สามยอดลือเลื่อง เมืองแห่งดินสอพอง เขื่อนป่าสักชลสิทธิ์เกริกก้อง แผ่นดินทองสมเด็จพระนารายณ์		พิกุล	ดอกพิกุล	God Vishnu (aka Narayana , refers to King Narai of Ayutthaya Kingdom ) in front of Khmer Temple Phra Prang Sam Yod .					https://www.orst.go.th/iwfm_modal.asp?i=3%3B225%3B7OJG5813226226292222622&m=n	https://hilight.kapook.com/view/88170	https://en.wikipedia.org/wiki/Seals_of_the_provinces_of_Thailand	原文確認済み	県標語・県木は公的一覧、県花と県章は全国一覧の原文を収録。日本語訳・要約は公開前に個別精査する。
18	シンブリー	Sing Buri	สิงห์บุรี	中部	TH-17	ถิ่นวีรชนคนกล้า คู่หล้าพระนอน นามกระฉ่อนช่อนแม่ลา เทศกาลกินปลาประจำปี		มะกล่ำต้น	設定なし／未設定	The former provincial seal showed the fort of Khai Bangrachan, a historical monument. When the Burmese attacked Ayutthaya in 1765, eleven villagers from Bangrachan fought the army when it stopped north of Ayutthaya. They managed to delay them for five months before they were finally defeated, soon thereafter Ayutthaya fell as well.					https://www.orst.go.th/iwfm_modal.asp?i=3%3B225%3B7OJG5813226226292222622&m=n	https://hilight.kapook.com/view/88170	https://en.wikipedia.org/wiki/Seals_of_the_provinces_of_Thailand	原文確認済み	県標語・県木は公的一覧、県花と県章は全国一覧の原文を収録。日本語訳・要約は公開前に個別精査する。
19	アーントーン	Ang Thong	อ่างทอง	中部	TH-15	พระสมเด็จเกษไชโย หลวงพ่อโตองค์ใหญ่ วีรไทยใจกล้า ตุ๊กตาชาววัง โด่งดังจักสาน ถิ่นฐานทำกลอง เมืองสองพระนอน		มะพลับ	設定なし／未設定	Ang Thong province is one of the main rice-producing areas of Thailand. On the centre of the seal there is a bowl with water and rice ears, a symbol of Mae Po Sop , the rice goddess.					https://www.orst.go.th/iwfm_modal.asp?i=3%3B225%3B7OJG5813226226292222622&m=n	https://hilight.kapook.com/view/88170	https://en.wikipedia.org/wiki/Seals_of_the_provinces_of_Thailand	原文確認済み	県標語・県木は公的一覧、県花と県章は全国一覧の原文を収録。日本語訳・要約は公開前に個別精査する。
20	サラブリー	Saraburi	สระบุรี	中部	TH-19	พระพุทธบาทสูงค่า เขื่อนป่าสักชลสิทธิ์ ฐานผลิตอุตสาหกรรม เกษตรนำล้ำแหล่งเที่ยว หนึ่งเดียวกะหรี่ปั๊บนมดี ประเพณีตักบาตรดอกไม้งาม เหลืองอร่ามทุ่งทานตะวัน ลือลั่นเมืองชุมทาง		ตะแบก	ดอกสุพรรณิการ์	Wat Phra Phuttha Bat temple. In the 17th century a hunter found a puddle of water which looked like a (oversized) footprint. It was declared a footprint of Buddha , and the temple was built around it. Phra Phutthabat means footprint of Buddha .					https://www.orst.go.th/iwfm_modal.asp?i=3%3B225%3B7OJG5813226226292222622&m=n	https://hilight.kapook.com/view/88170	https://en.wikipedia.org/wiki/Seals_of_the_provinces_of_Thailand	原文確認済み	県標語・県木は公的一覧、県花と県章は全国一覧の原文を収録。日本語訳・要約は公開前に個別精査する。
21	ウタイターニー	Uthai Thani	อุทัยธานี	中部	TH-61	อุทัยธานี เมืองพระชนกจักรี ปลาแรดรสดี ประเพณีเทโว ส้มโอบ้าน น้ำตก มรดกโลกห้วยขาแข้ง แหล่งต้นน้ำสะแกกรัง ตลาดนัดดังโคกระบือ		สะเดา	ดอกสุพรรณิการ์	The pavilion at Wat Khao Sakaekrang. It houses the statue of Thongdee, the father of King Rama I. The mountain in the background symbolizes the location of the pavilion on top of Khao Sakae Krang hill.					https://www.orst.go.th/iwfm_modal.asp?i=3%3B225%3B7OJG5813226226292222622&m=n	https://hilight.kapook.com/view/88170	https://en.wikipedia.org/wiki/Seals_of_the_provinces_of_Thailand	原文確認済み	県標語・県木は公的一覧、県花と県章は全国一覧の原文を収録。日本語訳・要約は公開前に個別精査する。
22	チャイナート	Chai Nat	ชัยนาท	中部	TH-18	หลวงปู่ศุขลือชา เขื่อนเจ้าพระยาลือชื่อ นามระบือสวนนก ส้มโอดกขาวแตงกวา		มะตูม	ดอกชัยพฤกษ์	Dharmachakra held aloft by Garuda in front of the locally revered mountain Khao Phlong 15°12′N 100°09′E / 15.200°N 100.150°E / 15.200; 100.150 and the Chao Phraya River .					https://www.orst.go.th/iwfm_modal.asp?i=3%3B225%3B7OJG5813226226292222622&m=n	https://hilight.kapook.com/view/88170	https://en.wikipedia.org/wiki/Seals_of_the_provinces_of_Thailand	原文確認済み	県標語・県木は公的一覧、県花と県章は全国一覧の原文を収録。日本語訳・要約は公開前に個別精査する。
23	アユタヤ	Phra Nakhon Si Ayutthaya	พระนครศรีอยุธยา	中部	TH-14	ราชธานีเก่า อู่ข้าวอู่น้ำ เลิศล้ำกานท์กวี คนดีศรีอยุธยา เลอคุณค่ามรดกโลก		หมัน	ดอกโสน	A pavilion sheltering a white conch ( Shankha ) on a phan (tray) in honor of King Uthong , the legendary founder of the city. Behind stands the Fragrant Manjack ( Cordia dichotoma ), the provincial tree					https://www.orst.go.th/iwfm_modal.asp?i=3%3B225%3B7OJG5813226226292222622&m=n	https://hilight.kapook.com/view/88170	https://en.wikipedia.org/wiki/Seals_of_the_provinces_of_Thailand	原文確認済み	県標語・県木は公的一覧、県花と県章は全国一覧の原文を収録。日本語訳・要約は公開前に個別精査する。
24	ピチット	Phichit	พิจิตร	中部	TH-66	เมืองชาละวัน แข่งขันเรือยาว ข้าวเจ้าอร่อย ส้มท่าข่อยรสเด็ด หลวงพ่อเพชรรวมใจ บึงสีไฟลือเลื่อง ยอดพระเครื่องหลวงพ่อเงิน		บุนนาค	ดอกบัวหลวง	A pond, which refers to the old name of Phichit, Mueang Sra Luang (‘city at the royal pond’). The banyan tree in front refers to the temple Wat Pho Prathab Chang. The temple was built in 1669–71 by King Suriyenthrathibodi , aka, Luang Sorasak or Phrachao Suea, who was born in the village of Pho Prathab Chang, between a banyan and a sacred fig .					https://www.orst.go.th/iwfm_modal.asp?i=3%3B225%3B7OJG5813226226292222622&m=n	https://hilight.kapook.com/view/88170	https://en.wikipedia.org/wiki/Seals_of_the_provinces_of_Thailand	原文確認済み	県標語・県木は公的一覧、県花と県章は全国一覧の原文を収録。日本語訳・要約は公開前に個別精査する。
25	スパンブリー	Suphan Buri	สุพรรณบุรี	中部	TH-72	เมืองยุทธหัตถี วรรณคดีขึ้นชื่อ เลื่องลือพระเครื่อง รุ่งเรืองเกษตรกรรม สูงล้ำประวัติศาสตร์แหล่ง ปราชญ์ศิลปิน ภาษาถิ่นชวนฟัง		มะเกลือ	ดอกสุพรรณิการ์	The elephant duel between King Naresuan and the crown prince of Burma named Mingyi Swa in 1592, which took place in Suphan Buri.					https://www.orst.go.th/iwfm_modal.asp?i=3%3B225%3B7OJG5813226226292222622&m=n	https://hilight.kapook.com/view/88170	https://en.wikipedia.org/wiki/Seals_of_the_provinces_of_Thailand	原文確認済み	県標語・県木は公的一覧、県花と県章は全国一覧の原文を収録。日本語訳・要約は公開前に個別精査する。
26	ナコーンナーヨック	Nakhon Nayok	นครนายก	中部	TH-26	เมืองในฝันที่ใกล้กรุง ภูเขางาม น้ำตกสวย รวยธรรมชาติปราศจากมลพิษ		สุพรรณิการ์	ดอกสุพรรณิการ์	An elephant holding ears of rice with its trunk. This symbolizes the fertile rice fields of Nakhon Nayok, as well as the forests with numerous elephants. In the background two piles of straw, trees and stylized clouds symbolize the natural beauty of the province.					https://www.orst.go.th/iwfm_modal.asp?i=3%3B225%3B7OJG5813226226292222622&m=n	https://hilight.kapook.com/view/88170	https://en.wikipedia.org/wiki/Seals_of_the_provinces_of_Thailand	原文確認済み	県標語・県木は公的一覧、県花と県章は全国一覧の原文を収録。日本語訳・要約は公開前に個別精査する。
27	パトゥムターニー	Pathum Thani	ปทุมธานี	中部	TH-13	ถิ่นบัวหลวง เมืองรวงข้าว เชื้อชาวมอญ นครธรรมะ พระตำหนักรวมใจ สดใสเจ้าพระยา ก้าวหน้าอุตสาหกรรม		ทองหลางลาย	ดอกบัวหลวง	A pink lotus flower with two rice ears bending over it. Both symbols stand for the fertility of the province.					https://www.orst.go.th/iwfm_modal.asp?i=3%3B225%3B7OJG5813226226292222622&m=n	https://hilight.kapook.com/view/88170	https://en.wikipedia.org/wiki/Seals_of_the_provinces_of_Thailand	原文確認済み	県標語・県木は公的一覧、県花と県章は全国一覧の原文を収録。日本語訳・要約は公開前に個別精査する。
28	サムットプラーカーン	Samut Prakan	สมุทรปราการ	中部	TH-11	ป้อมยุทธนาวี พระเจดีย์กลางน้ำ ฟาร์มจระเข้ใหญ่ งามวิไลเมืองโบราณ สงกรานต์พระประแดง ปลาสลิด แห้งรสดี ประเพณีรับบัว ครบถ้วนทั่วอุตสาหกรรม		โพทะเล	ดอกดาวเรือง	Phra Samut Chedi, the most important site of Buddhist worship in the province.					https://www.orst.go.th/iwfm_modal.asp?i=3%3B225%3B7OJG5813226226292222622&m=n	https://hilight.kapook.com/view/88170	https://en.wikipedia.org/wiki/Seals_of_the_provinces_of_Thailand	原文確認済み	県標語・県木は公的一覧、県花と県章は全国一覧の原文を収録。日本語訳・要約は公開前に個別精査する。
29	ナコーンパトム	Nakhon Pathom	นครปฐม	中部	TH-73	ส้มโอหวาน ข้าวสารขาว ลูกสาวงาม ข้าวหลามหวานมัน สนามจันทร์งามล้น พุทธมณฑลคู่ธานี พระปฐมเจดีย์เสียดฟ้า สวยงามตาแม่น้ำท่าจีน		ต้นจัน	設定なし／未設定	The Phra Pathom Chedi stupa , among the highest pagodas of the world. Located at the city center, it has been an important Buddhist center since the 6th century. The current building was created by king Mongkut in 1860. On the pagoda a royal crown is depicted, the symbol for King Mongkut's reconstruction.					https://www.orst.go.th/iwfm_modal.asp?i=3%3B225%3B7OJG5813226226292222622&m=n	https://hilight.kapook.com/view/88170	https://en.wikipedia.org/wiki/Seals_of_the_provinces_of_Thailand	原文確認済み	県標語・県木は公的一覧、県花と県章は全国一覧の原文を収録。日本語訳・要約は公開前に個別精査する。
30	サムットサーコーン	Samut Sakhon	สมุทรสาคร	中部	TH-74	เมืองประมง ดงโรงงาน ลานเกษตร เขตประวัติศาสตร์		สัตบรรณ	設定なし／未設定	A Chinese junk in front of the coast, with a smoking chimney, referring to the Tha Chin River (ท่าจีน; "Chinese Port"), as well as the old of the province, Mueang Tha Chin (เมืองท่าจีน; "City of Chinese Port"). It also refers to the old trading tradition as well as the local industries.					https://www.orst.go.th/iwfm_modal.asp?i=3%3B225%3B7OJG5813226226292222622&m=n	https://hilight.kapook.com/view/88170	https://en.wikipedia.org/wiki/Seals_of_the_provinces_of_Thailand	原文確認済み	県標語・県木は公的一覧、県花と県章は全国一覧の原文を収録。日本語訳・要約は公開前に個別精査する。
31	サムットソンクラーム	Samut Songkhram	สมุทรสงคราม	中部	TH-75	เมืองหอยหลอด ยอดลิ้นจี่ มีอุทยาน ร.2 แม่กลองไหลผ่าน นมัสการหลวงพ่อบ้านแหลม		จิกทะเล	ดอกจิกทะเล	Garuda above a drum over a river. The Thai word for drum is klong , thus refers to the Klong River (แม่กลอง mae klong ), as well as the old name of the province, Mueang Mae Klong (เมืองแม่กลอง; "City of Klong River"). On both sides of the river coconut trees are displayed as one of the main product of the province.					https://www.orst.go.th/iwfm_modal.asp?i=3%3B225%3B7OJG5813226226292222622&m=n	https://hilight.kapook.com/view/88170	https://en.wikipedia.org/wiki/Seals_of_the_provinces_of_Thailand	原文確認済み	県標語・県木は公的一覧、県花と県章は全国一覧の原文を収録。日本語訳・要約は公開前に個別精査する。
32	ノーンカーイ	Nong Khai	หนองคาย	東北部	TH-43	วีรกรรมปราบฮ่อ หลวงพ่อพระใส สะพานไทย-ลาว		ชิงชัน	ดอกชิงชัน	A pond with a bamboo clump close to it. The bamboo symbolizes stability, glory and continuity for the peaceful and fertile land.					https://www.orst.go.th/iwfm_modal.asp?i=3%3B225%3B7OJG5813226226292222622&m=n	https://hilight.kapook.com/view/88170	https://en.wikipedia.org/wiki/Seals_of_the_provinces_of_Thailand	原文確認済み	県標語・県木は公的一覧、県花と県章は全国一覧の原文を収録。日本語訳・要約は公開前に個別精査する。
33	ブンカーン	Bueng Kan	บึงกาฬ	東北部	TH-38	ภูทอกแหล่งพระธรรม ค่าล้ำยางพารา งามตาแก่งอาฮง บึงโขงหลงเพลินใจ น้ำตกใสเจ็ดสี ประเพณีแข่งเรือ เหนือสุดแดนอีสาน นมัสการหลวงพ่อใหญ่ ศูนย์รวมใจศาลสองนาง		ต้นสิรินธรวัลลี	ดอกสิรินธรวัลลี หรือชื่อพื้นเมือง สามสิบสองประดง	The silhouette of Phu Thok .mw-parser-output .geo-default,.mw-parser-output .geo-dms,.mw-parser-output .geo-dec{display:inline}.mw-parser-output .geo-nondefault,.mw-parser-output .geo-multi-punct,.mw-parser-output .geo-inline-hidden{display:none}.mw-parser-output .longitude,.mw-parser-output .latitude{white-space:nowrap} 18°08′15″N 103°52′45″E / 18.13750°N 103.87917°E / 18.13750; 103.87917 , a rocky sandstone outcrop on whose summit stands Wat Phu Thok temple. [ 1 ]					https://www.orst.go.th/iwfm_modal.asp?i=3%3B225%3B7OJG5813226226292222622&m=n	https://hilight.kapook.com/view/88170	https://en.wikipedia.org/wiki/Seals_of_the_provinces_of_Thailand	原文確認済み	県標語・県木は公的一覧、県花と県章は全国一覧の原文を収録。日本語訳・要約は公開前に個別精査する。
34	サコンナコーン	Sakon Nakhon	สกลนคร	東北部	TH-47	พระธาตุเชิงชุมคู่บ้าน พระตำหนักภูพานคู่เมือง งามลือเลื่องหนองหาน แลตระการปราสาทผึ้ง สวยสุดซึ้งสาวภูไท ถิ่นมั่นในพุทธธรรม		อินทนิลน้ำ	ดอกอินทนิลน้ำ	Phrathat Choeng Chum, a Lao -style stupa built during the Ayutthaya period over a Khmer -style prang .					https://www.orst.go.th/iwfm_modal.asp?i=3%3B225%3B7OJG5813226226292222622&m=n	https://hilight.kapook.com/view/88170	https://en.wikipedia.org/wiki/Seals_of_the_provinces_of_Thailand	原文確認済み	県標語・県木は公的一覧、県花と県章は全国一覧の原文を収録。日本語訳・要約は公開前に個別精査する。
35	ノーンブワラムプー	Nong Bua Lam Phu	หนองบัวลำภู	東北部	TH-39	ศาลสมเด็จพระนเรศวรมหาราช อุทยานแห่งชาติภูเก้า ภูพานคำ แผ่นดินธรรมหลวงปู่ขาว เด่นสกาวถ้ำเอราวัณนครเขื่อนขันธ์กาบแก้วบัวบาน		พะยูง	ดอกบัวหลวง	King Naresuan in front of a shrine. This shrine was built to commemorate the visit of King Naresuan to the city of Nong Bua Lamphu in 1574 when he was gathering troops to fight the Burmese kingdom of Taungoo . Behind the shrine is a pond with lotus flowers ( Nymphaea lotus ), which is the provincial flower.					https://www.orst.go.th/iwfm_modal.asp?i=3%3B225%3B7OJG5813226226292222622&m=n	https://hilight.kapook.com/view/88170	https://en.wikipedia.org/wiki/Seals_of_the_provinces_of_Thailand	原文確認済み	県標語・県木は公的一覧、県花と県章は全国一覧の原文を収録。日本語訳・要約は公開前に個別精査する。
36	ルーイ	Loei	เลย	東北部	TH-42	เมืองแห่งทะเลภูเขา สุดหนาวในสยาม ดอกไม้งามสามฤดู ถิ่นที่อยู่อริยสงฆ์ มั่นคงความสะอาด		สนสามใบ	ดอกรองเท้านารีเหลืองเลย	The stupa at Phra That Si Song Rak built by King Maha Chakkraphat of the Ayutthaya Kingdom , and King Setthathirath of Lan Xang in the 16th century marking the friendship between the two kingdoms.					https://www.orst.go.th/iwfm_modal.asp?i=3%3B225%3B7OJG5813226226292222622&m=n	https://hilight.kapook.com/view/88170	https://en.wikipedia.org/wiki/Seals_of_the_provinces_of_Thailand	原文確認済み	県標語・県木は公的一覧、県花と県章は全国一覧の原文を収録。日本語訳・要約は公開前に個別精査する。
37	ムックダーハーン	Mukdahan	มุกดาหาร	東北部	TH-49	องค์พระใหญ่ สวยเด่น เป็นสง่า สูงเสียดฟ้า หอแก้วมุกดาหาร พญานาค 3 พิภพ ระบือนามทั่วเขตคาม สะพานเชื่อมอินโดจีน		ช้างนาว	ดอกช้างน้าว	Prasart Song Nang Sathit palace, in which an opal is displayed on a phan (tray) .					https://www.orst.go.th/iwfm_modal.asp?i=3%3B225%3B7OJG5813226226292222622&m=n	https://hilight.kapook.com/view/88170	https://en.wikipedia.org/wiki/Seals_of_the_provinces_of_Thailand	原文確認済み	県標語・県木は公的一覧、県花と県章は全国一覧の原文を収録。日本語訳・要約は公開前に個別精査する。
38	ウドーンターニー	Udon Thani	อุดรธานี	東北部	TH-41	กรมหลวงประจักษ์สร้างเมือง ลือเลื่องแหล่งธรรมะ อารยธรรมห้าพันปี ธานีผ้าหมี่ขิด ธรรมชาติเนรมิตทะเลบัวแดง แรงศรัทธาศรีสุทโธปทุมมาคำชะโนด		รัง	ดอกทองกวาว	A Yak ( Yaksha ) in honor of Kuvera (aka. Vaiśravaṇa ), the guardian of north direction in Buddhist mythology.					https://www.orst.go.th/iwfm_modal.asp?i=3%3B225%3B7OJG5813226226292222622&m=n	https://hilight.kapook.com/view/88170	https://en.wikipedia.org/wiki/Seals_of_the_provinces_of_Thailand	原文確認済み	県標語・県木は公的一覧、県花と県章は全国一覧の原文を収録。日本語訳・要約は公開前に個別精査する。
39	カーラシン	Kalasin	กาฬสินธุ์	東北部	TH-46	หลวงพ่อองค์ดำลือเลื่อง เมืองฟ้าแดดสงยาง โปงลางเลิศล้ำ วัฒนธรรมผู้ไทย ผ้าไหมแพรวา ผาเสวยภูพาน มหาธารลำปาว ไดโนเสาร์สัตว์โลกล้านปี		มะหาด	ดอกพะยอม	The seal of the province shows a pond, in the background the Phu Phan Mountains forming the boundary of the province and stylized clouds in the sky. The water in the pond is black, for the name Kalasin means "black water". The big clouds as well as the water symbolize the fertility of the province.					https://www.orst.go.th/iwfm_modal.asp?i=3%3B225%3B7OJG5813226226292222622&m=n	https://hilight.kapook.com/view/88170	https://en.wikipedia.org/wiki/Seals_of_the_provinces_of_Thailand	原文確認済み	県標語・県木は公的一覧、県花と県章は全国一覧の原文を収録。日本語訳・要約は公開前に個別精査する。
40	コーンケーン	Khon Kaen	ขอนแก่น	東北部	TH-40	พระธาตุขามแก่น เสียงแคนดอกคูน ศูนย์รวมผ้าไหม ร่วมใจผูกเสี่ยว เที่ยวขอนแก่นนครใหญ่ ไดโนเสาร์สิรินธรเน่ สุดเท่เหรียญทองแรกมวยโอลิมปิก		กัลปพฤกษ์	ดอกราชพฤกษ์	The stupa of Phra That Kham Kaen, which is believed to contain relics of Buddha . Two trees are depicted on both sides, one is a banyan tree ( Ficus benghalensis ), the other a Golden Shower Tree ( Cassia fistula ).					https://www.orst.go.th/iwfm_modal.asp?i=3%3B225%3B7OJG5813226226292222622&m=n	https://hilight.kapook.com/view/88170	https://en.wikipedia.org/wiki/Seals_of_the_provinces_of_Thailand	原文確認済み	県標語・県木は公的一覧、県花と県章は全国一覧の原文を収録。日本語訳・要約は公開前に個別精査する。
41	アムナートチャルーン	Amnat Charoen	อำนาจเจริญ	東北部	TH-37	พระมงคลมิ่งเมือง แหล่งรุ่งเรืองเจ็ดลุ่มน้ำ งามล้ำถ้ำศักดิ์ เทพนิมิตพระเหลา เกาะแก่งเขาแสนสวย เลอค่าด้วยผ้าไหม ราษฎร์เลื่อมใสใฝ่ธรรม		ตะเคียนหิน	ดอกทองกวาว	This seal shows the 20 metres (66 ft) high Buddha-Statue Phra Mongkhon Ming Mueang that stands in the provincial capital Amnat Charoen .					https://www.orst.go.th/iwfm_modal.asp?i=3%3B225%3B7OJG5813226226292222622&m=n	https://hilight.kapook.com/view/88170	https://en.wikipedia.org/wiki/Seals_of_the_provinces_of_Thailand	原文確認済み	県標語・県木は公的一覧、県花と県章は全国一覧の原文を収録。日本語訳・要約は公開前に個別精査する。
42	ウボンラーチャターニー	Ubon Ratchathani	อุบลราชธานี	東北部	TH-34	เมืองดอกบัวงาม แม่น้ำสองสี มีปลาแซ่บหลาย หาดทรายแก่งหิน ถิ่นไทยนักปราชญ์ ทวยราษฎร์ใฝ่ธรรม งามล้ำเทียนพรรษา ผาแต้มก่อนประวัติศาสตร์ ฉลาดภูมิปัญญาท้องถิ่น ดินแดนอนุสาวรีย์คนดีศรีอุบล		ยางนา	ดอกบัวหลวง	A lotus flower in a pond in reference to the meaning of the name of the province, ‘Royal City of the Lotus Flower’.					https://www.orst.go.th/iwfm_modal.asp?i=3%3B225%3B7OJG5813226226292222622&m=n	https://hilight.kapook.com/view/88170	https://en.wikipedia.org/wiki/Seals_of_the_provinces_of_Thailand	原文確認済み	県標語・県木は公的一覧、県花と県章は全国一覧の原文を収録。日本語訳・要約は公開前に個別精査する。
43	ヤソートーン	Yasothon	ยโสธร	東北部	TH-35	เมืองบั้งไฟโก้ แตงโมหวาน หมอนขวานผ้าขิด แหล่งผลิตข้าวหอมมะลิ		กระบาก	ดอกบัวแดง	Two mythical lions, called singh , facing the chedi Phra That A-non (named for Ananda , a devout attendant of Gautama Buddha ), in the temple Wat Maha That in the city of Yasothon					https://www.orst.go.th/iwfm_modal.asp?i=3%3B225%3B7OJG5813226226292222622&m=n	https://hilight.kapook.com/view/88170	https://en.wikipedia.org/wiki/Seals_of_the_provinces_of_Thailand	原文確認済み	県標語・県木は公的一覧、県花と県章は全国一覧の原文を収録。日本語訳・要約は公開前に個別精査する。
44	ローイエット	Roi Et	ร้อยเอ็ด	東北部	TH-45	สิบเอ็ดประตูเมืองงาม เรืองนามพระสูงใหญ่ ผ้าไหมสาเกต บุญผะเหวดประเพณี มหาเจดีย์ชัยมงคล งามน่ายลบึงพลาญชัย เขตกว้างไกลทุ่งกุลา โลกลือชาข้าวหอมมะลิ		กระบก	ดอกอินทนิล	The shrine of the city pillar (Lak Mueang), which is located in the artificial lake Bueng Phlan Chai . The spirit of the shrine, Mahesak, is highly revered by the local people.					https://www.orst.go.th/iwfm_modal.asp?i=3%3B225%3B7OJG5813226226292222622&m=n	https://hilight.kapook.com/view/88170	https://en.wikipedia.org/wiki/Seals_of_the_provinces_of_Thailand	原文確認済み	県標語・県木は公的一覧、県花と県章は全国一覧の原文を収録。日本語訳・要約は公開前に個別精査する。
45	マハーサーラカーム	Maha Sarakham	มหาสารคาม	東北部	TH-44	พุทธมณฑลอีสาน ถิ่นฐานอารยธรรม ผ้าไหมล้ำเลอค่า ตักศิลานคร		พฤกษ์	ดอกลั่นทมขาว	A big tree in front of big rice fields, symbolizing the richness of resources in the province.					https://www.orst.go.th/iwfm_modal.asp?i=3%3B225%3B7OJG5813226226292222622&m=n	https://hilight.kapook.com/view/88170	https://en.wikipedia.org/wiki/Seals_of_the_provinces_of_Thailand	原文確認済み	県標語・県木は公的一覧、県花と県章は全国一覧の原文を収録。日本語訳・要約は公開前に個別精査する。
46	チャイヤプーム	Chaiyaphum	ชัยภูมิ	東北部	TH-36	กำเนิดแม่น้ำชี สดุดีพญาแลผู้กล้า ปรางค์กู่เป็นสง่า ล้ำค่าพระธาตุชัยภูมิ สมบูรณ์ป่าเขาสรรพสัตว์ เด่นชัดลายผ้าไหม ดอกกระเจียวงามลือไกล อารยธรรมไทยทวารวดี		ขี้เหล็กบ้าน	ดอกกระเจียว	Dvaja , the flag, an ancient Hindu symbol of victory in battle					https://www.orst.go.th/iwfm_modal.asp?i=3%3B225%3B7OJG5813226226292222622&m=n	https://hilight.kapook.com/view/88170	https://en.wikipedia.org/wiki/Seals_of_the_provinces_of_Thailand	原文確認済み	県標語・県木は公的一覧、県花と県章は全国一覧の原文を収録。日本語訳・要約は公開前に個別精査する。
47	ナコーンラーチャシーマー	Nakhon Ratchasima	นครราชสีมา	東北部	TH-30	เมืองหญิงกล้า ผ้าไหมดี หมี่โคราช ปราสาทหิน ดินด่านเกวียน		สาธร	ดอกสาธร	The revered heroine of Korat, Thao Suranari (1771–1852), fight against Vientianian , standing in front of the old gate of Pratu Chumpon .					https://www.orst.go.th/iwfm_modal.asp?i=3%3B225%3B7OJG5813226226292222622&m=n	https://hilight.kapook.com/view/88170	https://en.wikipedia.org/wiki/Seals_of_the_provinces_of_Thailand	原文確認済み	県標語・県木は公的一覧、県花と県章は全国一覧の原文を収録。日本語訳・要約は公開前に個別精査する。
48	ブリーラム	Buri Ram	บุรีรัมย์	東北部	TH-31	เมืองปราสาทหิน ถิ่นภูเขาไฟ ผ้าไหมสวย รวยวัฒนธรรม เลิศล้ำเมืองกีฬา		กาฬพฤกษ์	ดอกสุพรรณิการ์	A dancing deity in front of Phanom Rung Prasat Hin Phanom Rung , a Khmer temple complex set on the rim of an extinct volcano at 1,320 feet (400 m) above sea level					https://www.orst.go.th/iwfm_modal.asp?i=3%3B225%3B7OJG5813226226292222622&m=n	https://hilight.kapook.com/view/88170	https://en.wikipedia.org/wiki/Seals_of_the_provinces_of_Thailand	原文確認済み	県標語・県木は公的一覧、県花と県章は全国一覧の原文を収録。日本語訳・要約は公開前に個別精査する。
49	ナコーンパノム	Nakhon Phanom	นครพนม	東北部	TH-48	พระธาตุพนมค่าล้ำ วัฒนธรรมหลากหลาย เรณูผู้ไท เรือไฟโสภา งามตาฝั่งโขง		กันเกรา	ดอกกันเกรา	The 57 m high chedi at Wat Phra That Phanom in Amphoe That Phanom .					https://www.orst.go.th/iwfm_modal.asp?i=3%3B225%3B7OJG5813226226292222622&m=n	https://hilight.kapook.com/view/88170	https://en.wikipedia.org/wiki/Seals_of_the_provinces_of_Thailand	原文確認済み	県標語・県木は公的一覧、県花と県章は全国一覧の原文を収録。日本語訳・要約は公開前に個別精査する。
50	スリン	Surin	สุรินทร์	東北部	TH-32	สุรินทร์ถิ่นช้างใหญ่ ผ้าไหมงาม ประคำสวย ร่ำรวยปราสาท ผักกาดหวาน ข้าวสารหอม งามพร้อมวัฒนธรรม		มะค่าแต้	ดอกกันเกรา	Indra atop his celestial white elephant , Airavata which is based on the design found on a famous Khmer temple in the province. Both Khmer temples as well as elephants are commonly found in Surin.					https://www.orst.go.th/iwfm_modal.asp?i=3%3B225%3B7OJG5813226226292222622&m=n	https://hilight.kapook.com/view/88170	https://en.wikipedia.org/wiki/Seals_of_the_provinces_of_Thailand	原文確認済み	県標語・県木は公的一覧、県花と県章は全国一覧の原文を収録。日本語訳・要約は公開前に個別精査する。
51	シーサケート	Sisaket	ศรีสะเกษ	東北部	TH-33	แดนปราสาทขอม หอมกระเทียมดี มีสวนสมเด็จ เขตดงลำดวน หลากล้วนวัฒนธรรม เลิศล้ำสามัคคี		ลำดวน	ดอกลำดวน	Prasat Hin Ban Samo, a Khmer temple about 1000 years old, located in the Prang Ku district.					https://www.orst.go.th/iwfm_modal.asp?i=3%3B225%3B7OJG5813226226292222622&m=n	https://hilight.kapook.com/view/88170	https://en.wikipedia.org/wiki/Seals_of_the_provinces_of_Thailand	原文確認済み	県標語・県木は公的一覧、県花と県章は全国一覧の原文を収録。日本語訳・要約は公開前に個別精査する。
52	サケーオ	Sa Kaeo	สระแก้ว	東部	TH-27	ชายแดนเบื้องบูรพา ป่างามน้ำตกสวย มากด้วยรอยอารยธรรมโบราณ ย่านการค้าไทย-เขมร		มะขามป้อม	ดอกแก้ว	The sun rising over the archeological ruins Prasart Kao Noi Si Chom Poo, an important Khmer temple. The rising sun symbolizes the location of the province in the east. In the front is Buddha's statue in a pond with lotus flowers.					https://www.orst.go.th/iwfm_modal.asp?i=3%3B225%3B7OJG5813226226292222622&m=n	https://hilight.kapook.com/view/88170	https://en.wikipedia.org/wiki/Seals_of_the_provinces_of_Thailand	原文確認済み	県標語・県木は公的一覧、県花と県章は全国一覧の原文を収録。日本語訳・要約は公開前に個別精査する。
53	プラーチーンブリー	Prachin Buri	ปราจีนบุรี	東部	TH-25	ศรีมหาโพธิคู่บ้าน ไผ่ตงหวานคู่เมือง ผลไม้ลือเลื่อง เขตเมืองทวารวดี		โพศรีมหาโพธิ์	ดอกปีบ	A Bodhi tree symbolizing the first Bodhi tree planted about 2000 years ago in Wat Si Maha Phot temple.					https://www.orst.go.th/iwfm_modal.asp?i=3%3B225%3B7OJG5813226226292222622&m=n	https://hilight.kapook.com/view/88170	https://en.wikipedia.org/wiki/Seals_of_the_provinces_of_Thailand	原文確認済み	県標語・県木は公的一覧、県花と県章は全国一覧の原文を収録。日本語訳・要約は公開前に個別精査する。
54	チャチューンサオ	Chachoengsao	ฉะเชิงเทรา	東部	TH-24	แม่น้ำบางปะกงแหล่งชีวิต พระศักดิ์สิทธิ์หลวงพ่อโสธร พระยาศรีสุนทรปราชญ์ภาษาไทย เขาอ่างฤาไนป่าสมบูรณ์		นนทรีป่า	ดอกนนทรีป่า	Wat Sothonwararam , the temple that houses the Luangpho Phuttha Sothon , a revered statue of the Buddha.					https://www.orst.go.th/iwfm_modal.asp?i=3%3B225%3B7OJG5813226226292222622&m=n	https://hilight.kapook.com/view/88170	https://en.wikipedia.org/wiki/Seals_of_the_provinces_of_Thailand	原文確認済み	県標語・県木は公的一覧、県花と県章は全国一覧の原文を収録。日本語訳・要約は公開前に個別精査する。
55	チョンブリー	Chon Buri	ชลบุรี	東部	TH-20	ทะเลงาม ข้าวหลามอร่อย อ้อยหวาน จักสานดี ประเพณีวิ่งควาย		ประดู่ป่า	ดอกประดู่	Over the sea the outline of Khao Sam Muk , on which a shrine is located. Local people believe that the spirit of that mountain protects the fishermen from harm. The silhouette of Ko Sichang Island is displayed in the background.					https://www.orst.go.th/iwfm_modal.asp?i=3%3B225%3B7OJG5813226226292222622&m=n	https://hilight.kapook.com/view/88170	https://en.wikipedia.org/wiki/Seals_of_the_provinces_of_Thailand	原文確認済み	県標語・県木は公的一覧、県花と県章は全国一覧の原文を収録。日本語訳・要約は公開前に個別精査する。
56	ラヨーン	Rayong	ระยอง	東部	TH-21	ผลไม้รสล้ำ อุตสาหกรรมก้าวหน้า น้ำปลารสเด็ด เกาะเสม็ดสวยหรู สุนทรภู่กวีเอก		สารภีทะเล	ดอกประดู่	Island Ko Samet and a coconut palm .					https://www.orst.go.th/iwfm_modal.asp?i=3%3B225%3B7OJG5813226226292222622&m=n	https://hilight.kapook.com/view/88170	https://en.wikipedia.org/wiki/Seals_of_the_provinces_of_Thailand	原文確認済み	県標語・県木は公的一覧、県花と県章は全国一覧の原文を収録。日本語訳・要約は公開前に個別精査する。
57	チャンタブリー	Chanthaburi	จันทบุรี	東部	TH-22	น้ำตกลือเลื่อง เมืองผลไม้ พริกไทยพันธุ์ดี อัญมณีมากเหลือ เสื่อจันทบูร สมบูรณ์ธรรมชาติ สมเด็จพระเจ้าตากสินมหาราช รวมญาติกู้ชาติที่จันทบุรี		จัน	ดอกเหลืองจันทบูร	The Moon surrounded by an aura. Inside the moon disc is a dark rabbit , for according to Thai tradition the dark areas on the moon ( maria ) form a rabbit shape.					https://www.orst.go.th/iwfm_modal.asp?i=3%3B225%3B7OJG5813226226292222622&m=n	https://hilight.kapook.com/view/88170	https://en.wikipedia.org/wiki/Seals_of_the_provinces_of_Thailand	原文確認済み	県標語・県木は公的一覧、県花と県章は全国一覧の原文を収録。日本語訳・要約は公開前に個別精査する。
58	トラート	Trat	ตราด	東部	TH-23	เมืองเกาะครึ่งร้อย พลอยแดงค่าล้ำ ระกำแสนหวาน หลังอานหมาดี ยุทธนาวีเกาะช้าง สุดทางบูรพา		หูกวาง	ดอกกฤษณา	The sea and Khao Banthat mountain range in the background					https://www.orst.go.th/iwfm_modal.asp?i=3%3B225%3B7OJG5813226226292222622&m=n	https://hilight.kapook.com/view/88170	https://en.wikipedia.org/wiki/Seals_of_the_provinces_of_Thailand	原文確認済み	県標語・県木は公的一覧、県花と県章は全国一覧の原文を収録。日本語訳・要約は公開前に個別精査する。
59	ターク	Tak	ตาก	西部	TH-63	ธรรมชาติน่ายล ภูมิพลเขื่อนใหญ่ พระเจ้าตากเกรียงไกร เมืองไม้และป่างาม		ตาก	ดอกเสี้ยวดอกขาว	King Naresuan on the royal elephant. Sometimes below the elephant a garuda is depicted, as the garuda is the state symbol of Thailand. King Naresuan is shown pouring consecrated water on the ground, a symbolic act to declare independence. This refers to the war of 1584 with Burma , when Tak was the first border town to be liberated from Burmese control.					https://www.orst.go.th/iwfm_modal.asp?i=3%3B225%3B7OJG5813226226292222622&m=n	https://hilight.kapook.com/view/88170	https://en.wikipedia.org/wiki/Seals_of_the_provinces_of_Thailand	原文確認済み	県標語・県木は公的一覧、県花と県章は全国一覧の原文を収録。日本語訳・要約は公開前に個別精査する。
60	カーンチャナブリー	Kanchanaburi	กาญจนบุรี	西部	TH-71	แคว้นโบราณ ด่านเจดีย์ มณีเมืองกาญจน์ สะพานข้ามแม่น้ำแคว แหล่งแร่น้ำตก		ขานาง	ดอกกาญจนิกา	Representation of the three stupas , located on Bantadthong Mountain . They gave the name to the mountain pass to Myanmar, called " Three Pagodas Pass ".					https://www.orst.go.th/iwfm_modal.asp?i=3%3B225%3B7OJG5813226226292222622&m=n	https://hilight.kapook.com/view/88170	https://en.wikipedia.org/wiki/Seals_of_the_provinces_of_Thailand	原文確認済み	県標語・県木は公的一覧、県花と県章は全国一覧の原文を収録。日本語訳・要約は公開前に個別精査する。
61	ラーチャブリー	Ratchaburi	ราชบุรี	西部	TH-70	คนสวยโพธาราม คนงามบ้านโป่ง เมืองโอ่งมังกร วัดขนอนหนังใหญ่ ตื่นใจถ้ำงาม ตลาดน้ำดำเนิน เพลินค้างคาวร้อยล้าน ย่านยี่สกปลาดี		โมกมัน	ดอกกัลปพฤกษ์	The royal sword above the royal sandals on a phan (tray) , for the name Ratchaburi means City of the King .					https://www.orst.go.th/iwfm_modal.asp?i=3%3B225%3B7OJG5813226226292222622&m=n	https://hilight.kapook.com/view/88170	https://en.wikipedia.org/wiki/Seals_of_the_provinces_of_Thailand	原文確認済み	県標語・県木は公的一覧、県花と県章は全国一覧の原文を収録。日本語訳・要約は公開前に個別精査する。
62	ペッチャブリー	Phetchaburi	เพชรบุรี	西部	TH-76	เขาวังคู่บ้าน ขนมหวาน เมืองพระเลิศล้ำศิลปะ แดนธรรมะ ทะเลงาม		หว้า	設定なし／未設定	Khao Wang palace in the background. In front are rice fields bordered by two coconut palm trees, symbolizing the major crops in the province.					https://www.orst.go.th/iwfm_modal.asp?i=3%3B225%3B7OJG5813226226292222622&m=n	https://hilight.kapook.com/view/88170	https://en.wikipedia.org/wiki/Seals_of_the_provinces_of_Thailand	原文確認済み	県標語・県木は公的一覧、県花と県章は全国一覧の原文を収録。日本語訳・要約は公開前に個別精査する。
63	プラチュワップキーリーカン	Prachuap Khiri Khan	ประจวบคีรีขันธ์	西部	TH-77	เมืองทองเนื้อเก้า มะพร้าว สับปะรดสวยสด หาด เขา ถ้ำ งามล้ำน้ำใจ		เกด	ดอกเกด	Kuha Karuhas pavilion, which was built when King Chulalongkorn (Rama V) visited the Praya Nakorn Cave (Amphoe Sam Roi Yot ). Depicted behind the pavilion is the island of Ko Lak in Prachuap Bay , the historic center of administration of the province.					https://www.orst.go.th/iwfm_modal.asp?i=3%3B225%3B7OJG5813226226292222622&m=n	https://hilight.kapook.com/view/88170	https://en.wikipedia.org/wiki/Seals_of_the_provinces_of_Thailand	原文確認済み	県標語・県木は公的一覧、県花と県章は全国一覧の原文を収録。日本語訳・要約は公開前に個別精査する。
64	チュムポーン	Chumphon	ชุมพร	南部	TH-86	ประตูสู่ภาคใต้ ไหว้เสด็จในกรม ชมไร่กาแฟ แลหาดทรายรี ดีกล้วย เล็บมือ ขึ้นชื่อรังนก		มะเดื่ออุทุมพร	ดอกพุทธรักษา	An apsara giving blessings to the people standing between two Cluster Fig trees ( Ficus glomerata ), the provincial tree					https://www.orst.go.th/iwfm_modal.asp?i=3%3B225%3B7OJG5813226226292222622&m=n	https://hilight.kapook.com/view/88170	https://en.wikipedia.org/wiki/Seals_of_the_provinces_of_Thailand	原文確認済み	県標語・県木は公的一覧、県花と県章は全国一覧の原文を収録。日本語訳・要約は公開前に個別精査する。
65	ラノーン	Ranong	ระนอง	南部	TH-85	คอคอดกระ ภูเขาหญ้า กาหยูหวาน ธารน้ำแร่ มุกแท้เมืองระนอง		อบเชย	ดอกเอื้องเงินหลวง หรือโกมาชุม	A palace on top of a hill, to remember that King Chulalongkorn (Rama V) once visited Ranong and stayed at the Ratana Rangsan Palace on top of the Niveskiri Hill.					https://www.orst.go.th/iwfm_modal.asp?i=3%3B225%3B7OJG5813226226292222622&m=n	https://hilight.kapook.com/view/88170	https://en.wikipedia.org/wiki/Seals_of_the_provinces_of_Thailand	原文確認済み	県標語・県木は公的一覧、県花と県章は全国一覧の原文を収録。日本語訳・要約は公開前に個別精査する。
66	スラートターニー	Surat Thani	สุราษฎร์ธานี	南部	TH-84	เมืองร้อยเกาะ เงาะอร่อย หอยใหญ่ ไข่แดง แหล่งธรรมะ		เคี่ยม	ดอกบัวผุด	Phra Boromathat Chaiya Chedi , reportedly built in the 9th century.					https://www.orst.go.th/iwfm_modal.asp?i=3%3B225%3B7OJG5813226226292222622&m=n	https://hilight.kapook.com/view/88170	https://en.wikipedia.org/wiki/Seals_of_the_provinces_of_Thailand	原文確認済み	県標語・県木は公的一覧、県花と県章は全国一覧の原文を収録。日本語訳・要約は公開前に個別精査する。
67	ナコーンシータンマラート	Nakhon Si Thammarat	นครศรีธรรมราช	南部	TH-80	เมืองประวัติศาสตร์ พระธาตุทองคำ ชื่นฉ่ำธรรมชาติ แร่ธาตุอุดม เครื่องถมสามกษัตริย์ มากวัดมากศิลป์ ครบสิ้นกุ้งปู		แซะ	ดอกราชพฤกษ์	Phra Baromathat Chedi of the Wat Phra Mahathat Voramahavihan, one of the most important historical sites in southern Thailand. According to the city chronicle it was already built in 311, but archaeology dates it to the 13th century. The chedi is surrounded by the animals of the Chinese zodiac in the seal. The twelve animals represent the twelve Naksat cities or city-states which were tributary to the Nakhon Si Thammarat kingdom: the Rat of Saiburi ; the Ox of Pattani ; the Tiger of Kelantan ; the Rabbit of Pahang (actually a city in Pahang which is said to be submerged by a lake now); a large Dragon of Kedah ; a small Snake of Phatthalung ; a Horse of Trang ; a Goat of Chumphon ; a Monkey of Bantaysamer (might be Chaiya , or a town in Krabi province ); a Rooster of Sa-ulau (unidentified city, might be Songkhla , Kanchanadit or Pla Tha ); a Dog of Takua Pa and a Pig of Kraburi .					https://www.orst.go.th/iwfm_modal.asp?i=3%3B225%3B7OJG5813226226292222622&m=n	https://hilight.kapook.com/view/88170	https://en.wikipedia.org/wiki/Seals_of_the_provinces_of_Thailand	原文確認済み	県標語・県木は公的一覧、県花と県章は全国一覧の原文を収録。日本語訳・要約は公開前に個別精査する。
68	クラビー	Krabi	กระบี่	南部	TH-81	เมืองน่าอยู่ ผู้คนน่ารัก		ทุ้งฟ้า	ดอกทุ้งฟ้า	Two crossed krabi , ancient Siamese swords, in front of the Indian Ocean and the Phanom Bencha mountain, the highest mountain of the province.					https://www.orst.go.th/iwfm_modal.asp?i=3%3B225%3B7OJG5813226226292222622&m=n	https://hilight.kapook.com/view/88170	https://en.wikipedia.org/wiki/Seals_of_the_provinces_of_Thailand	原文確認済み	県標語・県木は公的一覧、県花と県章は全国一覧の原文を収録。日本語訳・要約は公開前に個別精査する。
69	パンガー	Phang Nga	พังงา	南部	TH-82	แร่หมื่นล้าน บ้านกลางน้ำ ถ้ำงามตา ภูผาแปลก แมกไม้จำปูน บริบูรณ์ทรัพยากร		เทพทาโร	ดอกจำปูน	Phu Khao Chang mountains in the background and Ko Tapu in front, as well as a dredge to represent the tin mining in the province.					https://www.orst.go.th/iwfm_modal.asp?i=3%3B225%3B7OJG5813226226292222622&m=n	https://hilight.kapook.com/view/88170	https://en.wikipedia.org/wiki/Seals_of_the_provinces_of_Thailand	原文確認済み	県標語・県木は公的一覧、県花と県章は全国一覧の原文を収録。日本語訳・要約は公開前に個別精査する。
70	プーケット	Phuket	ภูเก็ต	南部	TH-83	ไข่มุกอันดามัน สวรรค์เมืองใต้ หาดทรายสีทอง สองวีรสตรี บารมีหลวงพ่อแช่ม		ประดู่บ้าน	ดอกเฟื่องฟ้า	The sisters Thao Thep Kasattri and Thao Sri Sunthon , fighters against the Burmese.					https://www.orst.go.th/iwfm_modal.asp?i=3%3B225%3B7OJG5813226226292222622&m=n	https://hilight.kapook.com/view/88170	https://en.wikipedia.org/wiki/Seals_of_the_provinces_of_Thailand	原文確認済み	県標語・県木は公的一覧、県花と県章は全国一覧の原文を収録。日本語訳・要約は公開前に個別精査する。
71	パッタルン	Phatthalung	พัทลุง	南部	TH-93	เมืองหนังโนราห์ อู่นาข้าว พราวน้ำตก แหล่งนกน้ำ ทะเลสาบงาม เขาอกทะลุ น้ำพุร้อน		พะยอม	ดอกพะยอม	Phu Khao Ok Thalu mountain, the symbol of the province.					https://www.orst.go.th/iwfm_modal.asp?i=3%3B225%3B7OJG5813226226292222622&m=n	https://hilight.kapook.com/view/88170	https://en.wikipedia.org/wiki/Seals_of_the_provinces_of_Thailand	原文確認済み	県標語・県木は公的一覧、県花と県章は全国一覧の原文を収録。日本語訳・要約は公開前に個別精査する。
72	トラン	Trang	ตรัง	南部	TH-92	เมืองพระยารัษฎา ชาวประชาใจกว้าง หมูย่างรสเลิศ ถิ่นกำเนิดยางพารา เด่นสง่าดอกศรีตรัง ปะการังใต้ทะเล เสน่ห์หาดทรายงาม น้ำตกสวยตระการตา		ศรีตรัง	ดอกศรีตรัง	A lighthouse jetty and sea tides. The jetty represents the fact that the area has long been a port town. The tides indicate the meaning of the province's name, which is from Sanskrit "तरङ्ग" ( taraṅga ; "tide", "wave"). [ 3 ]					https://www.orst.go.th/iwfm_modal.asp?i=3%3B225%3B7OJG5813226226292222622&m=n	https://hilight.kapook.com/view/88170	https://en.wikipedia.org/wiki/Seals_of_the_provinces_of_Thailand	原文確認済み	県標語・県木は公的一覧、県花と県章は全国一覧の原文を収録。日本語訳・要約は公開前に個別精査する。
73	パッターニー	Pattani	ปัตตานี	南部	TH-94	เมืองงามสามวัฒนธรรม ศูนย์ฮาลาลเลิศล้ำ ชนน้อมนำศรัทธา ถิ่นธรรมชาติงามตา ปัตตานีสันติสุขแดนใต้		ตะเคียนทอง	ดอกชบา	The cannon known as Phraya Tani , which was cast in the Pattani province.					https://www.orst.go.th/iwfm_modal.asp?i=3%3B225%3B7OJG5813226226292222622&m=n	https://hilight.kapook.com/view/88170	https://en.wikipedia.org/wiki/Seals_of_the_provinces_of_Thailand	原文確認済み	県標語・県木は公的一覧、県花と県章は全国一覧の原文を収録。日本語訳・要約は公開前に個別精査する。
74	ソンクラー	Songkhla	สงขลา	南部	TH-90	นกน้ำเพลินตา สมิหลาเพลินใจ เมืองใหญ่สองทะเล เสน่ห์สะพานป๋า ศูนย์การค้าแดนใต้		สะเดาเทียม	ดอกสะเดาเทียม	A white conch ( shankha ) on a phan (tray)					https://www.orst.go.th/iwfm_modal.asp?i=3%3B225%3B7OJG5813226226292222622&m=n	https://hilight.kapook.com/view/88170	https://en.wikipedia.org/wiki/Seals_of_the_provinces_of_Thailand	原文確認済み	県標語・県木は公的一覧、県花と県章は全国一覧の原文を収録。日本語訳・要約は公開前に個別精査する。
75	サトゥーン	Satun	สตูล	南部	TH-91	สตูล สงบ สะอาด ธรรมชาติบริสุทธิ์		กระซิก	ดอกกาหลง	Phra Samut Thewa, a deity who guards the sea, sitting on a stone in the sea with the sunset behind. The stone is his divine vehicle. The sunset symbolizes the Andaman Sea , which lies to the west of the province.					https://www.orst.go.th/iwfm_modal.asp?i=3%3B225%3B7OJG5813226226292222622&m=n	https://hilight.kapook.com/view/88170	https://en.wikipedia.org/wiki/Seals_of_the_provinces_of_Thailand	原文確認済み	県標語・県木は公的一覧、県花と県章は全国一覧の原文を収録。日本語訳・要約は公開前に個別精査する。
76	ナラーティワート	Narathiwat	นราธิวาส	南部	TH-96	ทักษิณราชตำหนัก ชนรักศาสนา นราทัศน์เพลินตา ปาโจตรึงใจ แหล่งใหญ่แร่ทอง ลองกองหอมหวาน		ตะเคียนซึมตาแมว	ดอกบานบุรี	A sailing boat with a white elephant on the sail. The white elephant. a royal symbol, commemorates the white elephant Phra Sri Nararat Rajakarini which was caught here and presented to the king.					https://www.orst.go.th/iwfm_modal.asp?i=3%3B225%3B7OJG5813226226292222622&m=n	https://hilight.kapook.com/view/88170	https://en.wikipedia.org/wiki/Seals_of_the_provinces_of_Thailand	原文確認済み	県標語・県木は公的一覧、県花と県章は全国一覧の原文を収録。日本語訳・要約は公開前に個別精査する。
77	ヤラー	Yala	ยะลา	南部	TH-95	ใต้สุดแดนสยาม เมืองงามชายแดน		โสกเหลือง	ดอกพิกุล	A miner with simple mining tools including hoe, crowbar, and baskets. Yala was originally a mining town with tin and tungsten ores.					https://www.orst.go.th/iwfm_modal.asp?i=3%3B225%3B7OJG5813226226292222622&m=n	https://hilight.kapook.com/view/88170	https://en.wikipedia.org/wiki/Seals_of_the_provinces_of_Thailand	原文確認済み	県標語・県木は公的一覧、県花と県章は全国一覧の原文を収録。日本語訳・要約は公開前に個別精査する。
