ID	名称（日本語）	名称（英語）	名称（タイ語）	分類	信仰・物語の系統	見分け方	意味・役割	見られる場所	理解上の注意	タイ語画像検索URL	主要参考URL	文化資料URL	確認状態
001	釈迦牟尼仏	Gautama Buddha	พระพุทธเจ้า	仏教世界	仏教	螺髪、肉髻、僧衣、手印を備えた人間形の仏像。	悟りを開き教えを説いた歴史上の仏陀。	寺院の本尊、仏塔、壁画	姿勢や手印によって表す物語が変わる。	https://www.google.com/search?tbm=isch&q=%E0%B8%9E%E0%B8%A3%E0%B8%B0%E0%B8%9E%E0%B8%B8%E0%B8%97%E0%B8%98%E0%B9%80%E0%B8%88%E0%B9%89%E0%B8%B2%20%E0%B8%A8%E0%B8%B4%E0%B8%A5%E0%B8%9B%E0%B8%81%E0%B8%A3%E0%B8%A3%E0%B8%A1%E0%B9%84%E0%B8%97%E0%B8%A2	https://www.finearts.go.th/it/view/38032	https://db.sac.or.th/thailand-cultural-encyclopedia/	初版確認済み・地域差に注意
002	弥勒菩薩	Maitreya	พระศรีอริยเมตไตรย	仏教世界	仏教	冠を着けた菩薩形、または将来仏として表される。	未来に現れて悟りを開くとされる仏。	寺院壁画、未来仏信仰の堂	布袋形の中国系弥勒像と区別する。	https://www.google.com/search?tbm=isch&q=%E0%B8%9E%E0%B8%A3%E0%B8%B0%E0%B8%A8%E0%B8%A3%E0%B8%B5%E0%B8%AD%E0%B8%A3%E0%B8%B4%E0%B8%A2%E0%B9%80%E0%B8%A1%E0%B8%95%E0%B9%84%E0%B8%95%E0%B8%A3%E0%B8%A2%20%E0%B8%A8%E0%B8%B4%E0%B8%A5%E0%B8%9B%E0%B8%81%E0%B8%A3%E0%B8%A3%E0%B8%A1%E0%B9%84%E0%B8%97%E0%B8%A2	https://www.finearts.go.th/it/view/38032	https://db.sac.or.th/thailand-cultural-encyclopedia/	初版確認済み・地域差に注意
003	プラ・ウパクット	Phra Upakut	พระอุปคุต	仏教世界	上座部仏教・地域信仰	僧形で鉢を持つ像、水中・貝殻と結びつく表現もある。	悪魔や災厄を抑え祭礼を守護する阿羅漢として信仰される。	北部・東北部の寺院、祭礼	正典上の位置づけと地域伝承を分けて理解する。	https://www.google.com/search?tbm=isch&q=%E0%B8%9E%E0%B8%A3%E0%B8%B0%E0%B8%AD%E0%B8%B8%E0%B8%9B%E0%B8%84%E0%B8%B8%E0%B8%95%20%E0%B8%A8%E0%B8%B4%E0%B8%A5%E0%B8%9B%E0%B8%81%E0%B8%A3%E0%B8%A3%E0%B8%A1%E0%B9%84%E0%B8%97%E0%B8%A2	https://www.finearts.go.th/it/view/38032	https://db.sac.or.th/thailand-cultural-encyclopedia/	初版確認済み・地域差に注意
004	プラ・サンカッチャーイ	Phra Sangkachai	พระสังกัจจายน์	仏教世界	仏教・民間信仰	丸い腹を見せて坐る僧形。	説法に優れた弟子として、豊かさや円満とも結びつく。	寺院の副祀像	中国の布袋・弥勒像と外見が似る。	https://www.google.com/search?tbm=isch&q=%E0%B8%9E%E0%B8%A3%E0%B8%B0%E0%B8%AA%E0%B8%B1%E0%B8%87%E0%B8%81%E0%B8%B1%E0%B8%88%E0%B8%88%E0%B8%B2%E0%B8%A2%E0%B8%99%E0%B9%8C%20%E0%B8%A8%E0%B8%B4%E0%B8%A5%E0%B8%9B%E0%B8%81%E0%B8%A3%E0%B8%A3%E0%B8%A1%E0%B9%84%E0%B8%97%E0%B8%A2	https://www.finearts.go.th/it/view/38032	https://db.sac.or.th/thailand-cultural-encyclopedia/	初版確認済み・地域差に注意
005	プラ・シーワリー	Phra Sivali	พระสีวลี	仏教世界	仏教	旅装の僧が傘、杖、鉢を持つ姿。	供養を受ける福徳に優れ、旅と商いの安全をもたらすとされる。	寺院、店舗、家庭祭壇	護符的信仰は地域や個人で解釈が異なる。	https://www.google.com/search?tbm=isch&q=%E0%B8%9E%E0%B8%A3%E0%B8%B0%E0%B8%AA%E0%B8%B5%E0%B8%A7%E0%B8%A5%E0%B8%B5%20%E0%B8%A8%E0%B8%B4%E0%B8%A5%E0%B8%9B%E0%B8%81%E0%B8%A3%E0%B8%A3%E0%B8%A1%E0%B9%84%E0%B8%97%E0%B8%A2	https://www.finearts.go.th/it/view/38032	https://db.sac.or.th/thailand-cultural-encyclopedia/	初版確認済み・地域差に注意
006	メー・トラニー	Mae Thorani	พระแม่ธรณี	仏教世界	仏教説話・大地信仰	女性が長い髪を絞り水を流す。	降魔成道の際、仏陀の功徳を証明した大地の女神。	寺院壁画、噴水、公共標章	単なる水の女神ではなく成道説話との関係が重要。	https://www.google.com/search?tbm=isch&q=%E0%B8%9E%E0%B8%A3%E0%B8%B0%E0%B9%81%E0%B8%A1%E0%B9%88%E0%B8%98%E0%B8%A3%E0%B8%93%E0%B8%B5%20%E0%B8%A8%E0%B8%B4%E0%B8%A5%E0%B8%9B%E0%B8%81%E0%B8%A3%E0%B8%A3%E0%B8%A1%E0%B9%84%E0%B8%97%E0%B8%A2	https://www.finearts.go.th/it/view/38032	https://db.sac.or.th/thailand-cultural-encyclopedia/	初版確認済み・地域差に注意
007	プラ・ラーフー	Rahu	พระราหู	仏教世界	インド天文学・タイ信仰	巨大な顔や上半身が太陽・月を口にする。	日月食の説明神話と、厄除け・運勢転換の信仰対象。	寺院、占星術祭壇	天文学的現象と信仰上の説明を区別する。	https://www.google.com/search?tbm=isch&q=%E0%B8%9E%E0%B8%A3%E0%B8%B0%E0%B8%A3%E0%B8%B2%E0%B8%AB%E0%B8%B9%20%E0%B8%A8%E0%B8%B4%E0%B8%A5%E0%B8%9B%E0%B8%81%E0%B8%A3%E0%B8%A3%E0%B8%A1%E0%B9%84%E0%B8%97%E0%B8%A2	https://www.finearts.go.th/it/view/38032	https://db.sac.or.th/thailand-cultural-encyclopedia/	初版確認済み・地域差に注意
008	ターオ・ウェースワン	Vessavana	ท้าวเวสสุวรรณ	仏教世界	仏教宇宙論	冠を着け棍棒を持つ夜叉王。	四天王の北方守護者で、悪霊除けと財宝の守護を担う。	寺院門、独立祭壇、護符	クベーラとの関係は同一視・変容を含む。	https://www.google.com/search?tbm=isch&q=%E0%B8%97%E0%B9%89%E0%B8%B2%E0%B8%A7%E0%B9%80%E0%B8%A7%E0%B8%AA%E0%B8%AA%E0%B8%B8%E0%B8%A7%E0%B8%A3%E0%B8%A3%E0%B8%93%20%E0%B8%A8%E0%B8%B4%E0%B8%A5%E0%B8%9B%E0%B8%81%E0%B8%A3%E0%B8%A3%E0%B8%A1%E0%B9%84%E0%B8%97%E0%B8%A2	https://www.finearts.go.th/it/view/38032	https://db.sac.or.th/thailand-cultural-encyclopedia/	初版確認済み・地域差に注意
009	プラ・イン	Indra	พระอินทร์	仏教世界	仏教宇宙論・インド神話	緑色の肌、冠、金剛杵、多頭象エラワン。	忉利天の王として仏陀を助け、王権と雨にも関わる。	寺院壁画、破風、神話彫刻	ヒンドゥーのインドラがタイ仏教世界へ取り込まれている。	https://www.google.com/search?tbm=isch&q=%E0%B8%9E%E0%B8%A3%E0%B8%B0%E0%B8%AD%E0%B8%B4%E0%B8%99%E0%B8%97%E0%B8%A3%E0%B9%8C%20%E0%B8%A8%E0%B8%B4%E0%B8%A5%E0%B8%9B%E0%B8%81%E0%B8%A3%E0%B8%A3%E0%B8%A1%E0%B9%84%E0%B8%97%E0%B8%A2	https://www.finearts.go.th/it/view/38032	https://db.sac.or.th/thailand-cultural-encyclopedia/	初版確認済み・地域差に注意
010	プラ・プロム	Brahma	พระพรหม	仏教世界	バラモン・仏教習合	四つの顔と複数の腕を持つ。	四方を見渡す創造神として、慈・悲・喜・捨とも関連づけられる。	エラワン祠、寺院、建物祭壇	仏教宇宙論の梵天とヒンドゥー創造神の説明が重なる。	https://www.google.com/search?tbm=isch&q=%E0%B8%9E%E0%B8%A3%E0%B8%B0%E0%B8%9E%E0%B8%A3%E0%B8%AB%E0%B8%A1%20%E0%B8%A8%E0%B8%B4%E0%B8%A5%E0%B8%9B%E0%B8%81%E0%B8%A3%E0%B8%A3%E0%B8%A1%E0%B9%84%E0%B8%97%E0%B8%A2	https://www.finearts.go.th/it/view/38032	https://db.sac.or.th/thailand-cultural-encyclopedia/	初版確認済み・地域差に注意
011	プラ・シワ	Shiva	พระศิวะ	バラモン・ヒンドゥー系	ヒンドゥー教	三叉戟、第三の目、結髪、蛇、牡牛ナンディン。	破壊と再生、修行、舞踊を司る大神。	バラモン祠、博物館、クメール遺跡	リンガによる象徴表現も多い。	https://www.google.com/search?tbm=isch&q=%E0%B8%9E%E0%B8%A3%E0%B8%B0%E0%B8%A8%E0%B8%B4%E0%B8%A7%E0%B8%B0%20%E0%B8%A8%E0%B8%B4%E0%B8%A5%E0%B8%9B%E0%B8%81%E0%B8%A3%E0%B8%A3%E0%B8%A1%E0%B9%84%E0%B8%97%E0%B8%A2	https://www.finearts.go.th/it/view/38032	https://db.sac.or.th/thailand-cultural-encyclopedia/	初版確認済み・地域差に注意
012	プラ・ナーラーイ	Vishnu	พระนารายณ์	バラモン・ヒンドゥー系	ヒンドゥー教	四腕で法輪、法螺貝、棍棒、蓮を持つ。	世界を維持し、化身を通じ秩序を回復する神。	クメール遺跡、王室意匠、祠	タイ語ではナーラーイの名が一般的。	https://www.google.com/search?tbm=isch&q=%E0%B8%9E%E0%B8%A3%E0%B8%B0%E0%B8%99%E0%B8%B2%E0%B8%A3%E0%B8%B2%E0%B8%A2%E0%B8%93%E0%B9%8C%20%E0%B8%A8%E0%B8%B4%E0%B8%A5%E0%B8%9B%E0%B8%81%E0%B8%A3%E0%B8%A3%E0%B8%A1%E0%B9%84%E0%B8%97%E0%B8%A2	https://www.finearts.go.th/it/view/38032	https://db.sac.or.th/thailand-cultural-encyclopedia/	初版確認済み・地域差に注意
013	プラ・ピッカネート	Ganesha	พระพิฆเนศ	バラモン・ヒンドゥー系	ヒンドゥー教・芸術信仰	象の頭、大きな腹、複数の腕、鼠。	障害を除き、学問・芸術・事業の成功を守る。	芸術大学、祠、店舗祭壇	供物や礼拝方法は祠ごとに確認する。	https://www.google.com/search?tbm=isch&q=%E0%B8%9E%E0%B8%A3%E0%B8%B0%E0%B8%9E%E0%B8%B4%E0%B8%86%E0%B9%80%E0%B8%99%E0%B8%A8%20%E0%B8%A8%E0%B8%B4%E0%B8%A5%E0%B8%9B%E0%B8%81%E0%B8%A3%E0%B8%A3%E0%B8%A1%E0%B9%84%E0%B8%97%E0%B8%A2	https://www.finearts.go.th/it/view/38032	https://db.sac.or.th/thailand-cultural-encyclopedia/	初版確認済み・地域差に注意
014	プラ・メー・ラックサミー	Lakshmi	พระแม่ลักษมี	バラモン・ヒンドゥー系	ヒンドゥー教	蓮に立つ女性神、金貨、象を伴うことがある。	富、繁栄、美、幸運を司る。	都市の祠、ヒンドゥー寺院	招財目的だけに限定されない。	https://www.google.com/search?tbm=isch&q=%E0%B8%9E%E0%B8%A3%E0%B8%B0%E0%B9%81%E0%B8%A1%E0%B9%88%E0%B8%A5%E0%B8%B1%E0%B8%81%E0%B8%A9%E0%B8%A1%E0%B8%B5%20%E0%B8%A8%E0%B8%B4%E0%B8%A5%E0%B8%9B%E0%B8%81%E0%B8%A3%E0%B8%A3%E0%B8%A1%E0%B9%84%E0%B8%97%E0%B8%A2	https://www.finearts.go.th/it/view/38032	https://db.sac.or.th/thailand-cultural-encyclopedia/	初版確認済み・地域差に注意
015	プラ・メー・ウマー	Uma / Parvati	พระแม่อุมาเทวี	バラモン・ヒンドゥー系	ヒンドゥー教	王冠を着けた女神。獅子・虎、シヴァ、子神を伴う。	シヴァの妃で、母性と力の両面を持つ。	シーロムのマリアマン寺院など	ドゥルガー、カーリーなどの相との関係に注意。	https://www.google.com/search?tbm=isch&q=%E0%B8%9E%E0%B8%A3%E0%B8%B0%E0%B9%81%E0%B8%A1%E0%B9%88%E0%B8%AD%E0%B8%B8%E0%B8%A1%E0%B8%B2%E0%B9%80%E0%B8%97%E0%B8%A7%E0%B8%B5%20%E0%B8%A8%E0%B8%B4%E0%B8%A5%E0%B8%9B%E0%B8%81%E0%B8%A3%E0%B8%A3%E0%B8%A1%E0%B9%84%E0%B8%97%E0%B8%A2	https://www.finearts.go.th/it/view/38032	https://db.sac.or.th/thailand-cultural-encyclopedia/	初版確認済み・地域差に注意
016	プラ・メー・サラスワディー	Saraswati	พระแม่สรัสวดี	バラモン・ヒンドゥー系	ヒンドゥー教	白衣、ヴィーナー、書物、白鳥。	学問、言葉、音楽、芸術を司る女神。	教育機関、ヒンドゥー系祭壇	タイではガネーシャほど一般的ではない。	https://www.google.com/search?tbm=isch&q=%E0%B8%9E%E0%B8%A3%E0%B8%B0%E0%B9%81%E0%B8%A1%E0%B9%88%E0%B8%AA%E0%B8%A3%E0%B8%B1%E0%B8%AA%E0%B8%A7%E0%B8%94%E0%B8%B5%20%E0%B8%A8%E0%B8%B4%E0%B8%A5%E0%B8%9B%E0%B8%81%E0%B8%A3%E0%B8%A3%E0%B8%A1%E0%B9%84%E0%B8%97%E0%B8%A2	https://www.finearts.go.th/it/view/38032	https://db.sac.or.th/thailand-cultural-encyclopedia/	初版確認済み・地域差に注意
017	プラ・カンタクマーン	Skanda	พระขันทกุมาร	バラモン・ヒンドゥー系	ヒンドゥー教	若い戦神、槍、孔雀を伴う。	シヴァの子で、戦いと勇気を司る。	タミル系ヒンドゥー寺院	ムルガンなど別名が多い。	https://www.google.com/search?tbm=isch&q=%E0%B8%9E%E0%B8%A3%E0%B8%B0%E0%B8%82%E0%B8%B1%E0%B8%99%E0%B8%97%E0%B8%81%E0%B8%B8%E0%B8%A1%E0%B8%B2%E0%B8%A3%20%E0%B8%A8%E0%B8%B4%E0%B8%A5%E0%B8%9B%E0%B8%81%E0%B8%A3%E0%B8%A3%E0%B8%A1%E0%B9%84%E0%B8%97%E0%B8%A2	https://www.finearts.go.th/it/view/38032	https://db.sac.or.th/thailand-cultural-encyclopedia/	初版確認済み・地域差に注意
018	プラ・トリームールティ	Trimurti	พระตรีมูรติ	バラモン・ヒンドゥー系	近現代タイのヒンドゥー受容	複数の顔・腕を持つ合一神像。	ブラフマー、ヴィシュヌ、シヴァの三神一体として説明される。	バンコク中心部の祠	タイでは恋愛祈願との結びつきが強いが伝統解釈は一様でない。	https://www.google.com/search?tbm=isch&q=%E0%B8%9E%E0%B8%A3%E0%B8%B0%E0%B8%95%E0%B8%A3%E0%B8%B5%E0%B8%A1%E0%B8%B9%E0%B8%A3%E0%B8%95%E0%B8%B4%20%E0%B8%A8%E0%B8%B4%E0%B8%A5%E0%B8%9B%E0%B8%81%E0%B8%A3%E0%B8%A3%E0%B8%A1%E0%B9%84%E0%B8%97%E0%B8%A2	https://www.finearts.go.th/it/view/38032	https://db.sac.or.th/thailand-cultural-encyclopedia/	初版確認済み・地域差に注意
019	ナンディン	Nandi	โคนนทิ	バラモン・ヒンドゥー系	ヒンドゥー教	伏せた白い牡牛。	シヴァの乗物であり門前の守護者・帰依者。	クメール遺跡、シヴァ寺院	牛像単体でもシヴァ祠へ正対する配置が手掛かり。	https://www.google.com/search?tbm=isch&q=%E0%B9%82%E0%B8%84%E0%B8%99%E0%B8%99%E0%B8%97%E0%B8%B4%20%E0%B8%A8%E0%B8%B4%E0%B8%A5%E0%B8%9B%E0%B8%81%E0%B8%A3%E0%B8%A3%E0%B8%A1%E0%B9%84%E0%B8%97%E0%B8%A2	https://www.finearts.go.th/it/view/38032	https://db.sac.or.th/thailand-cultural-encyclopedia/	初版確認済み・地域差に注意
020	エラワン	Erawan / Airavata	ช้างเอราวัณ	バラモン・ヒンドゥー系	インド神話・タイ仏教美術	通常三つの頭を持つ巨大な白象。	インドラの乗物で、雲、雨、王権の象徴。	寺院破風、エラワン博物館、神話彫刻	経典上は頭数が多い説明もあり、造形は簡略化される。	https://www.google.com/search?tbm=isch&q=%E0%B8%8A%E0%B9%89%E0%B8%B2%E0%B8%87%E0%B9%80%E0%B8%AD%E0%B8%A3%E0%B8%B2%E0%B8%A7%E0%B8%B1%E0%B8%93%20%E0%B8%A8%E0%B8%B4%E0%B8%A5%E0%B8%9B%E0%B8%81%E0%B8%A3%E0%B8%A3%E0%B8%A1%E0%B9%84%E0%B8%97%E0%B8%A2	https://www.finearts.go.th/it/view/38032	https://db.sac.or.th/thailand-cultural-encyclopedia/	初版確認済み・地域差に注意
021	プラ・プーム	Guardian spirit of the land	พระภูมิ	土地と暮らしの精霊	土地神信仰・バラモン儀礼	片脚の高い祠に立つ金色の神像として祀られることが多い。	敷地と建物を守護する土地の神。	住宅、ホテル、商業施設の祠	祠の設置・撤去は専門儀礼を伴う。	https://www.google.com/search?tbm=isch&q=%E0%B8%9E%E0%B8%A3%E0%B8%B0%E0%B8%A0%E0%B8%B9%E0%B8%A1%E0%B8%B4%20%E0%B8%A8%E0%B8%B4%E0%B8%A5%E0%B8%9B%E0%B8%81%E0%B8%A3%E0%B8%A3%E0%B8%A1%E0%B9%84%E0%B8%97%E0%B8%A2	https://www.finearts.go.th/it/view/38032	https://db.sac.or.th/thailand-cultural-encyclopedia/	初版確認済み・地域差に注意
022	チャオティー	Local land spirit	เจ้าที่	土地と暮らしの精霊	土地・祖霊信仰	低い祠やタイ式家屋形の祠、老夫婦像など多様。	その場所に以前からいる霊的所有者を敬う。	住宅、店舗、田畑	プラ・プームと同じ祠で祀る場合も別の場合もある。	https://www.google.com/search?tbm=isch&q=%E0%B9%80%E0%B8%88%E0%B9%89%E0%B8%B2%E0%B8%97%E0%B8%B5%E0%B9%88%20%E0%B8%A8%E0%B8%B4%E0%B8%A5%E0%B8%9B%E0%B8%81%E0%B8%A3%E0%B8%A3%E0%B8%A1%E0%B9%84%E0%B8%97%E0%B8%A2	https://www.finearts.go.th/it/view/38032	https://db.sac.or.th/thailand-cultural-encyclopedia/	初版確認済み・地域差に注意
023	メー・ポーソップ	Rice Mother	แม่โพสพ	土地と暮らしの精霊	稲作信仰	稲穂を抱く美しい女性。	稲の魂と豊穣を人格化し、収穫と食への感謝を表す。	農耕儀礼、壁画、教材	全国で儀礼が同一ではない。	https://www.google.com/search?tbm=isch&q=%E0%B9%81%E0%B8%A1%E0%B9%88%E0%B9%82%E0%B8%9E%E0%B8%AA%E0%B8%9E%20%E0%B8%A8%E0%B8%B4%E0%B8%A5%E0%B8%9B%E0%B8%81%E0%B8%A3%E0%B8%A3%E0%B8%A1%E0%B9%84%E0%B8%97%E0%B8%A2	https://www.finearts.go.th/it/view/38032	https://db.sac.or.th/thailand-cultural-encyclopedia/	初版確認済み・地域差に注意
024	メー・ヤーナーン	Boat and vehicle guardian	แม่ย่านาง	土地と暮らしの精霊	舟・乗物の守護信仰	船首の色布、供物、化粧した木柱などで示される。	舟や車両に宿り、安全を守る女性精霊。	漁船、長舟、車両	船首や供物へ無断で触れない。	https://www.google.com/search?tbm=isch&q=%E0%B9%81%E0%B8%A1%E0%B9%88%E0%B8%A2%E0%B9%88%E0%B8%B2%E0%B8%99%E0%B8%B2%E0%B8%87%20%E0%B8%A8%E0%B8%B4%E0%B8%A5%E0%B8%9B%E0%B8%81%E0%B8%A3%E0%B8%A3%E0%B8%A1%E0%B9%84%E0%B8%97%E0%B8%A2	https://www.finearts.go.th/it/view/38032	https://db.sac.or.th/thailand-cultural-encyclopedia/	初版確認済み・地域差に注意
025	ナーン・クワック	Nang Kwak	นางกวัก	土地と暮らしの精霊	商業民間信仰	座る女性が右手を招くように上げる。	客、商売、財運を招くとされる。	店舗、食堂、市場	日本の招き猫と似るが由来と姿は異なる。	https://www.google.com/search?tbm=isch&q=%E0%B8%99%E0%B8%B2%E0%B8%87%E0%B8%81%E0%B8%A7%E0%B8%B1%E0%B8%81%20%E0%B8%A8%E0%B8%B4%E0%B8%A5%E0%B8%9B%E0%B8%81%E0%B8%A3%E0%B8%A3%E0%B8%A1%E0%B9%84%E0%B8%97%E0%B8%A2	https://www.finearts.go.th/it/view/38032	https://db.sac.or.th/thailand-cultural-encyclopedia/	初版確認済み・地域差に注意
026	ナーン・ターニー	Nang Tani	นางตานี	土地と暮らしの精霊	バナナの精霊伝承	緑の衣を着た女性がターニーバナナと結びつく。	バナナ林に住む女性霊として物語られる。	民話、映画、祠	娯楽作品の表現と地域伝承を分ける。	https://www.google.com/search?tbm=isch&q=%E0%B8%99%E0%B8%B2%E0%B8%87%E0%B8%95%E0%B8%B2%E0%B8%99%E0%B8%B5%20%E0%B8%A8%E0%B8%B4%E0%B8%A5%E0%B8%9B%E0%B8%81%E0%B8%A3%E0%B8%A3%E0%B8%A1%E0%B9%84%E0%B8%97%E0%B8%A2	https://www.finearts.go.th/it/view/38032	https://db.sac.or.th/thailand-cultural-encyclopedia/	初版確認済み・地域差に注意
027	ナーン・タキアン	Nang Takhian	นางตะเคียน	土地と暮らしの精霊	巨木信仰	タキアンの巨木、色布、女性像、供物。	古木に宿り場所を守る女性精霊。	寺院境内、森、巨木の祠	樹木を傷つけず、宝くじ信仰だけに還元しない。	https://www.google.com/search?tbm=isch&q=%E0%B8%99%E0%B8%B2%E0%B8%87%E0%B8%95%E0%B8%B0%E0%B9%80%E0%B8%84%E0%B8%B5%E0%B8%A2%E0%B8%99%20%E0%B8%A8%E0%B8%B4%E0%B8%A5%E0%B8%9B%E0%B8%81%E0%B8%A3%E0%B8%A3%E0%B8%A1%E0%B9%84%E0%B8%97%E0%B8%A2	https://www.finearts.go.th/it/view/38032	https://db.sac.or.th/thailand-cultural-encyclopedia/	初版確認済み・地域差に注意
028	ピーターコーン	Phi Ta Khon spirit mask	ผีตาโขน	土地と暮らしの精霊	ルーイのブンルアン	竹籠と椰子葉で作る大きな仮面、派手な衣装、鈴。	精霊の行列を演じ、仏教説話と地域の祖霊観が交差する。	ダーンサーイの祭り	独立した一柱の神名ではなく仮面芸能・参加者の呼称。	https://www.google.com/search?tbm=isch&q=%E0%B8%9C%E0%B8%B5%E0%B8%95%E0%B8%B2%E0%B9%82%E0%B8%82%E0%B8%99%20%E0%B8%A8%E0%B8%B4%E0%B8%A5%E0%B8%9B%E0%B8%81%E0%B8%A3%E0%B8%A3%E0%B8%A1%E0%B9%84%E0%B8%97%E0%B8%A2	https://www.finearts.go.th/it/view/38032	https://db.sac.or.th/thailand-cultural-encyclopedia/	初版確認済み・地域差に注意
029	プーセ・ヤーセ	Pu Sae Ya Sae	ปู่แสะย่าแสะ	土地と暮らしの精霊	ラーンナー地域信仰	老男女の祖霊として祀られ、供犠儀礼と結びつく。	チェンマイ盆地を守る祖霊・土地霊。	ドイカム周辺のリアンドン儀礼	刺激の強い供犠を含むため見学時は地域規則に従う。	https://www.google.com/search?tbm=isch&q=%E0%B8%9B%E0%B8%B9%E0%B9%88%E0%B9%81%E0%B8%AA%E0%B8%B0%E0%B8%A2%E0%B9%88%E0%B8%B2%E0%B9%81%E0%B8%AA%E0%B8%B0%20%E0%B8%A8%E0%B8%B4%E0%B8%A5%E0%B8%9B%E0%B8%81%E0%B8%A3%E0%B8%A3%E0%B8%A1%E0%B9%84%E0%B8%97%E0%B8%A2	https://www.finearts.go.th/it/view/38032	https://db.sac.or.th/thailand-cultural-encyclopedia/	初版確認済み・地域差に注意
030	メー・ナーク	Mae Nak Phra Khanong	แม่นากพระโขนง	土地と暮らしの精霊	バンコク都市伝説・民間信仰	若い女性、子ども、長く伸びる腕の物語表現。	夫を待つ女性霊の物語から、恋愛・徴兵回避など多様な祈願対象へ展開。	ワット・マハーブットの祠	伝承、映画、実際の祭祀を同一視しない。	https://www.google.com/search?tbm=isch&q=%E0%B9%81%E0%B8%A1%E0%B9%88%E0%B8%99%E0%B8%B2%E0%B8%81%E0%B8%9E%E0%B8%A3%E0%B8%B0%E0%B9%82%E0%B8%82%E0%B8%99%E0%B8%87%20%E0%B8%A8%E0%B8%B4%E0%B8%A5%E0%B8%9B%E0%B8%81%E0%B8%A3%E0%B8%A3%E0%B8%A1%E0%B9%84%E0%B8%97%E0%B8%A2	https://www.finearts.go.th/it/view/38032	https://db.sac.or.th/thailand-cultural-encyclopedia/	初版確認済み・地域差に注意
031	ナーガ	Naga	นาค / พญานาค	守護者と霊獣	仏教・インド神話・メコン信仰	蛇身、多頭の鎌首、鱗、炎形の冠。	水と地下世界を司り、仏法と聖域を守護する。	寺院階段、メコン流域、仏像台座	地域ごとに固有名と物語がある。	https://www.google.com/search?tbm=isch&q=%E0%B8%99%E0%B8%B2%E0%B8%84%20%2F%20%E0%B8%9E%E0%B8%8D%E0%B8%B2%E0%B8%99%E0%B8%B2%E0%B8%84%20%E0%B8%A8%E0%B8%B4%E0%B8%A5%E0%B8%9B%E0%B8%81%E0%B8%A3%E0%B8%A3%E0%B8%A1%E0%B9%84%E0%B8%97%E0%B8%A2	https://www.finearts.go.th/it/view/38032	https://db.sac.or.th/thailand-cultural-encyclopedia/	初版確認済み・地域差に注意
032	ヤック	Yaksha	ยักษ์	守護者と霊獣	仏教宇宙論・ラーマキエン	牙、冠、棍棒、鮮やかな肌色の巨人。	門や聖域を守る強力な非人間存在。	ワット・プラケーオ、ワット・アルン	悪役とは限らず守護者として祀られる。	https://www.google.com/search?tbm=isch&q=%E0%B8%A2%E0%B8%B1%E0%B8%81%E0%B8%A9%E0%B9%8C%20%E0%B8%A8%E0%B8%B4%E0%B8%A5%E0%B8%9B%E0%B8%81%E0%B8%A3%E0%B8%A3%E0%B8%A1%E0%B9%84%E0%B8%97%E0%B8%A2	https://www.finearts.go.th/it/view/38032	https://db.sac.or.th/thailand-cultural-encyclopedia/	初版確認済み・地域差に注意
033	ガルーダ	Garuda	ครุฑ	守護者と霊獣	ヒンドゥー神話・王権	鳥の嘴・翼・鉤爪と人間の胴体。ナーガをつかむ姿も多い。	ヴィシュヌの乗物で、王権と国家を象徴する。	官庁紋章、寺院、王室建築	タイでは公的紋章として使用制限がある。	https://www.google.com/search?tbm=isch&q=%E0%B8%84%E0%B8%A3%E0%B8%B8%E0%B8%91%20%E0%B8%A8%E0%B8%B4%E0%B8%A5%E0%B8%9B%E0%B8%81%E0%B8%A3%E0%B8%A3%E0%B8%A1%E0%B9%84%E0%B8%97%E0%B8%A2	https://www.finearts.go.th/it/view/38032	https://db.sac.or.th/thailand-cultural-encyclopedia/	初版確認済み・地域差に注意
034	キンナリー	Kinnari	กินรี	守護者と霊獣	ヒマパン世界	上半身が女性、下半身が鳥で翼と尾を持つ。	優雅な音楽・舞踊・忠節を象徴する半人半鳥。	寺院壁画、彫刻、舞台芸術	男性形キンナラとの名称を区別する。	https://www.google.com/search?tbm=isch&q=%E0%B8%81%E0%B8%B4%E0%B8%99%E0%B8%A3%E0%B8%B5%20%E0%B8%A8%E0%B8%B4%E0%B8%A5%E0%B8%9B%E0%B8%81%E0%B8%A3%E0%B8%A3%E0%B8%A1%E0%B9%84%E0%B8%97%E0%B8%A2	https://www.finearts.go.th/it/view/38032	https://db.sac.or.th/thailand-cultural-encyclopedia/	初版確認済み・地域差に注意
035	キンナラ	Kinnara	กินนร	守護者と霊獣	ヒマパン世界	男性の上半身と鳥の下半身・翼。	天上の音楽家としてキンナリーと対で表される。	壁画、装飾彫刻	日常語では雌雄をまとめてキンナリーと呼ぶこともある。	https://www.google.com/search?tbm=isch&q=%E0%B8%81%E0%B8%B4%E0%B8%99%E0%B8%99%E0%B8%A3%20%E0%B8%A8%E0%B8%B4%E0%B8%A5%E0%B8%9B%E0%B8%81%E0%B8%A3%E0%B8%A3%E0%B8%A1%E0%B9%84%E0%B8%97%E0%B8%A2	https://www.finearts.go.th/it/view/38032	https://db.sac.or.th/thailand-cultural-encyclopedia/	初版確認済み・地域差に注意
036	シン	Singha	สิงห์	守護者と霊獣	仏教美術・王権	胸を張る獅子、巻毛、火炎状の尾。	勇気、権威、仏法守護を示す。	寺院門、仏塔基壇、シンハ紋様	中国獅子やビルマのチンテーと形を比較できる。	https://www.google.com/search?tbm=isch&q=%E0%B8%AA%E0%B8%B4%E0%B8%87%E0%B8%AB%E0%B9%8C%20%E0%B8%A8%E0%B8%B4%E0%B8%A5%E0%B8%9B%E0%B8%81%E0%B8%A3%E0%B8%A3%E0%B8%A1%E0%B9%84%E0%B8%97%E0%B8%A2	https://www.finearts.go.th/it/view/38032	https://db.sac.or.th/thailand-cultural-encyclopedia/	初版確認済み・地域差に注意
037	ラーチャシー	Rajasiha	ราชสีห์	守護者と霊獣	ヒマパン世界	王者の獅子として豪華な鬣と力強い体。	獣の王、威厳と支配力を象徴する。	紋章、壁画、寺院彫刻	一般のシンとの区別は図像資料ごとに揺れる。	https://www.google.com/search?tbm=isch&q=%E0%B8%A3%E0%B8%B2%E0%B8%8A%E0%B8%AA%E0%B8%B5%E0%B8%AB%E0%B9%8C%20%E0%B8%A8%E0%B8%B4%E0%B8%A5%E0%B8%9B%E0%B8%81%E0%B8%A3%E0%B8%A3%E0%B8%A1%E0%B9%84%E0%B8%97%E0%B8%A2	https://www.finearts.go.th/it/view/38032	https://db.sac.or.th/thailand-cultural-encyclopedia/	初版確認済み・地域差に注意
038	コチャシー	Kochasri	คชสีห์	守護者と霊獣	ヒマパン世界	獅子の体に象の鼻や頭部要素を合わせる。	象の力と獅子の威厳を統合した霊獣。	官庁紋章、寺院装飾	ガジャシンハ系の呼称と表記差がある。	https://www.google.com/search?tbm=isch&q=%E0%B8%84%E0%B8%8A%E0%B8%AA%E0%B8%B5%E0%B8%AB%E0%B9%8C%20%E0%B8%A8%E0%B8%B4%E0%B8%A5%E0%B8%9B%E0%B8%81%E0%B8%A3%E0%B8%A3%E0%B8%A1%E0%B9%84%E0%B8%97%E0%B8%A2	https://www.finearts.go.th/it/view/38032	https://db.sac.or.th/thailand-cultural-encyclopedia/	初版確認済み・地域差に注意
039	マカラ	Makara	มกร	守護者と霊獣	インド神話・東南アジア美術	ワニ、象、魚などが混ざる水の怪獣。口からナーガを吐く。	水界と門口を守り、生命の源を表す。	クメール遺跡、寺院階段、屋根端	単一動物としてではなく複合獣として見る。	https://www.google.com/search?tbm=isch&q=%E0%B8%A1%E0%B8%81%E0%B8%A3%20%E0%B8%A8%E0%B8%B4%E0%B8%A5%E0%B8%9B%E0%B8%81%E0%B8%A3%E0%B8%A3%E0%B8%A1%E0%B9%84%E0%B8%97%E0%B8%A2	https://www.finearts.go.th/it/view/38032	https://db.sac.or.th/thailand-cultural-encyclopedia/	初版確認済み・地域差に注意
040	ホン（ハムサ）	Hamsa	หงส์	守護者と霊獣	インド神話・モン文化	優美な白鳥・鵞鳥形、長い首と華やかな尾。	純潔、知恵、天界を象徴し、モン文化でも重要。	寺院棟飾り、モン寺院、旗	中国の鳳凰とは別系統。	https://www.google.com/search?tbm=isch&q=%E0%B8%AB%E0%B8%87%E0%B8%AA%E0%B9%8C%20%E0%B8%A8%E0%B8%B4%E0%B8%A5%E0%B8%9B%E0%B8%81%E0%B8%A3%E0%B8%A3%E0%B8%A1%E0%B9%84%E0%B8%97%E0%B8%A2	https://www.finearts.go.th/it/view/38032	https://db.sac.or.th/thailand-cultural-encyclopedia/	初版確認済み・地域差に注意
041	プラ・ラーム	Rama	พระราม	ラーマキエン	ラーマキエン	緑色の肌、尖った冠、弓矢。	正義の王子でヴィシュヌの化身としてトッサカンと戦う。	ワット・プラケーオ壁画、仮面劇	インド版ラーマーヤナとタイ版の筋・人物像に差がある。	https://www.google.com/search?tbm=isch&q=%E0%B8%9E%E0%B8%A3%E0%B8%B0%E0%B8%A3%E0%B8%B2%E0%B8%A1%20%E0%B8%A8%E0%B8%B4%E0%B8%A5%E0%B8%9B%E0%B8%81%E0%B8%A3%E0%B8%A3%E0%B8%A1%E0%B9%84%E0%B8%97%E0%B8%A2	https://www.finearts.go.th/it/view/38032	https://db.sac.or.th/thailand-cultural-encyclopedia/	初版確認済み・地域差に注意
042	ナーン・シーダー	Sita	นางสีดา	ラーマキエン	ラーマキエン	王女の冠と衣装、優雅な女性像。	ラーマの妃で、誘拐と試練が物語を動かす。	壁画、コーン舞台	人物評価は物語解釈により異なる。	https://www.google.com/search?tbm=isch&q=%E0%B8%99%E0%B8%B2%E0%B8%87%E0%B8%AA%E0%B8%B5%E0%B8%94%E0%B8%B2%20%E0%B8%A8%E0%B8%B4%E0%B8%A5%E0%B8%9B%E0%B8%81%E0%B8%A3%E0%B8%A3%E0%B8%A1%E0%B9%84%E0%B8%97%E0%B8%A2	https://www.finearts.go.th/it/view/38032	https://db.sac.or.th/thailand-cultural-encyclopedia/	初版確認済み・地域差に注意
043	プラ・ラック	Lakshmana	พระลักษมณ์	ラーマキエン	ラーマキエン	金色の肌、王子の冠、弓矢。	ラーマに忠実に従う弟で、戦いを支える。	壁画、コーン舞台	ラーマと冠・肌色で見分ける。	https://www.google.com/search?tbm=isch&q=%E0%B8%9E%E0%B8%A3%E0%B8%B0%E0%B8%A5%E0%B8%B1%E0%B8%81%E0%B8%A9%E0%B8%A1%E0%B8%93%E0%B9%8C%20%E0%B8%A8%E0%B8%B4%E0%B8%A5%E0%B8%9B%E0%B8%81%E0%B8%A3%E0%B8%A3%E0%B8%A1%E0%B9%84%E0%B8%97%E0%B8%A2	https://www.finearts.go.th/it/view/38032	https://db.sac.or.th/thailand-cultural-encyclopedia/	初版確認済み・地域差に注意
044	トッサカン	Thotsakan	ทศกัณฐ์	ラーマキエン	ラーマキエン	緑色の夜叉王。十の顔と二十本の腕を持つとされる。	ロンカー王で、シーダー誘拐をめぐりラーマと戦う。	ワット・プラケーオの守門像、壁画、コーン	守門像では多数の顔が冠に積層される。	https://www.google.com/search?tbm=isch&q=%E0%B8%97%E0%B8%A8%E0%B8%81%E0%B8%B1%E0%B8%93%E0%B8%90%E0%B9%8C%20%E0%B8%A8%E0%B8%B4%E0%B8%A5%E0%B8%9B%E0%B8%81%E0%B8%A3%E0%B8%A3%E0%B8%A1%E0%B9%84%E0%B8%97%E0%B8%A2	https://www.finearts.go.th/it/view/38032	https://db.sac.or.th/thailand-cultural-encyclopedia/	初版確認済み・地域差に注意
045	ハヌマーン	Hanuman	หนุมาน	ラーマキエン	ラーマキエン	白い猿、開いた口、王冠、武器。	機知と変身力を持つ猿軍の英雄でラーマを助ける。	壁画、コーン、護符意匠	タイ版では恋愛譚など独自要素が強い。	https://www.google.com/search?tbm=isch&q=%E0%B8%AB%E0%B8%99%E0%B8%B8%E0%B8%A1%E0%B8%B2%E0%B8%99%20%E0%B8%A8%E0%B8%B4%E0%B8%A5%E0%B8%9B%E0%B8%81%E0%B8%A3%E0%B8%A3%E0%B8%A1%E0%B9%84%E0%B8%97%E0%B8%A2	https://www.finearts.go.th/it/view/38032	https://db.sac.or.th/thailand-cultural-encyclopedia/	初版確認済み・地域差に注意
046	スクリープ	Sugriva	สุครีพ	ラーマキエン	ラーマキエン	赤い猿王、冠、武器。	キートキンの猿王でラーマ軍を率いる。	壁画、コーン	ハヌマーンとは肌色と冠で見分ける。	https://www.google.com/search?tbm=isch&q=%E0%B8%AA%E0%B8%B8%E0%B8%84%E0%B8%A3%E0%B8%B5%E0%B8%9E%20%E0%B8%A8%E0%B8%B4%E0%B8%A5%E0%B8%9B%E0%B8%81%E0%B8%A3%E0%B8%A3%E0%B8%A1%E0%B9%84%E0%B8%97%E0%B8%A2	https://www.finearts.go.th/it/view/38032	https://db.sac.or.th/thailand-cultural-encyclopedia/	初版確認済み・地域差に注意
047	ピペーク	Vibhishana	พิเภก	ラーマキエン	ラーマキエン	夜叉の姿で占星術師・王族として描かれる。	トッサカンの弟だが正義を選びラーマへ助言する。	壁画、コーン	裏切り者か賢者かは物語内の立場で評価が変わる。	https://www.google.com/search?tbm=isch&q=%E0%B8%9E%E0%B8%B4%E0%B9%80%E0%B8%A0%E0%B8%81%20%E0%B8%A8%E0%B8%B4%E0%B8%A5%E0%B8%9B%E0%B8%81%E0%B8%A3%E0%B8%A3%E0%B8%A1%E0%B9%84%E0%B8%97%E0%B8%A2	https://www.finearts.go.th/it/view/38032	https://db.sac.or.th/thailand-cultural-encyclopedia/	初版確認済み・地域差に注意
048	マイヤラープ	Maiyarap	ไมยราพ	ラーマキエン	ラーマキエン	紫色系の夜叉王、地下世界の王冠と武器。	魔術でラーマを地下へ連れ去り、ハヌマーンと戦う。	壁画、コーンのマイヤラープ討伐段	トッサカンとは肌色・物語場面で区別する。	https://www.google.com/search?tbm=isch&q=%E0%B9%84%E0%B8%A1%E0%B8%A2%E0%B8%A3%E0%B8%B2%E0%B8%9E%20%E0%B8%A8%E0%B8%B4%E0%B8%A5%E0%B8%9B%E0%B8%81%E0%B8%A3%E0%B8%A3%E0%B8%A1%E0%B9%84%E0%B8%97%E0%B8%A2	https://www.finearts.go.th/it/view/38032	https://db.sac.or.th/thailand-cultural-encyclopedia/	初版確認済み・地域差に注意
049	ナーン・モントー	Montho	นางมณโฑ	ラーマキエン	ラーマキエン	ロンカー宮廷の王妃装束。	トッサカンの妃で、複雑な家族関係と悲劇を背負う。	壁画、コーン	インド版のマンドーダリーとの差異がある。	https://www.google.com/search?tbm=isch&q=%E0%B8%99%E0%B8%B2%E0%B8%87%E0%B8%A1%E0%B8%93%E0%B9%82%E0%B8%91%20%E0%B8%A8%E0%B8%B4%E0%B8%A5%E0%B8%9B%E0%B8%81%E0%B8%A3%E0%B8%A3%E0%B8%A1%E0%B9%84%E0%B8%97%E0%B8%A2	https://www.finearts.go.th/it/view/38032	https://db.sac.or.th/thailand-cultural-encyclopedia/	初版確認済み・地域差に注意
050	ベンヤカイ	Benyakai	เบญกาย	ラーマキエン	ラーマキエン	夜叉の女性だがシーダーへ変身した姿でも描かれる。	ピペークの娘。策略に加わるがハヌマーンと関係を持つ。	壁画、コーンのシーダー変身場面	変身場面ではシーダーとの識別が物語文脈に依存する。	https://www.google.com/search?tbm=isch&q=%E0%B9%80%E0%B8%9A%E0%B8%8D%E0%B8%81%E0%B8%B2%E0%B8%A2%20%E0%B8%A8%E0%B8%B4%E0%B8%A5%E0%B8%9B%E0%B8%81%E0%B8%A3%E0%B8%A3%E0%B8%A1%E0%B9%84%E0%B8%97%E0%B8%A2	https://www.finearts.go.th/it/view/38032	https://db.sac.or.th/thailand-cultural-encyclopedia/	初版確認済み・地域差に注意
