No	エリア区分	エリア（郡/アンプ）	Must_Visit_Spots_EN	タイ語名	キャッチコピー	マニアック・見どころ（在住者・シニア向け視点）	特産品・キーワード	市内からの距離感	交通・アクセス難易度（シニア視点）	Googleマップリンク（エリア中心）		Notion
1	A.中心部・近郊	Mueang Chiang Rai（ムアン）	Wat Rong Khun (White Temple), Wat Rong Suea Ten (Blue Temple), Baan Dam Museum (Black House), Chiang Rai Clock Tower, Singha Park, Wat Phra Kaew, Chiang Rai Night Bazaar, Lalitta Café, Wat Huay Pla Kang (Big Buddha)	อ.เมืองเชียงราย	全ての中心、生活の拠点	【白と青の寺だけじゃない】「黒い家（バーン・ダム）」の狂気的な芸術性や、市内南部の「シンハーパーク」の農場風景。実は市内にも隠れた古刹が多い。	カオソーイ、パイナップル	中心地	◎ 容易：Grab・タクシー・ソンテウ（市内循環）で移動可	https://www.google.com/maps/search/Mueang+Chiang+Rai		"# ムアン・チェンライ อ.เมืองเชียงราย

> **全ての中心、生活の拠点**

## 📍 基本情報
- **エリア区分**: A.中心部・近郊
- **距離感**: 中心地
- **アクセス難易度**: ◎ 容易：Grab・タクシー・ソンテウ（市内循環）で移動可

## 🗺️ 観光ハイライト (Must Visit)
主要な観光スポットです。

- **ワット・ロンクン** (Wat Rong Khun (White Temple))
    - アーティストのチャルムチャイ氏が手掛ける、純白の彫刻が圧巻の現代的な仏教寺院です。
- **ワット・ロンスアテン** (Wat Rong Suea Ten (Blue Temple))
    - 青と金の鮮やかなコントラストが美しい、非常に写真映えする神秘的な寺院です。
- **バーン・ダム・ミュージアム** (Baan Dam Museum (Black House))
    - タイの巨匠タワン・ドゥチャニー氏の旧邸宅で、動物の骨や皮を用いた独特の世界観が漂う「黒い家」です。
- **チェンライ・クロックタワー** (Chiang Rai Clock Tower)
    - 市内の交差点にそびえる黄金の時計台で、夜間には光と音のショーが開催されます。
- **シンハーパーク** (Singha Park)
    - 広大な敷地に茶畑や花畑が広がる農場型レジャー施設で、トラムでの周遊が可能です。
- **ワット・プラケオ** (Wat Phra Kaew)
    - バンコクの玉仏（エメラルド仏）が発見された場所として知られる、歴史的に極めて重要な古刹です。
- **チェンライ・ナイトバザール** (Chiang Rai Night Bazaar)
    - チェンライ中心部に位置し、民芸品、フードコート、音楽ライブなどが楽しめる夜の定番スポットです。
- **ラリッタ・カフェ** (Lalitta Café)
    - まるで霧に包まれたおとぎ話の世界のような、ミストと植物が織りなす幻想的な雰囲気のカフェです。
- **ワット・フアイ・プラカン** (Wat Huay Pla Kang (Big Buddha))
    - 巨大な観音像がランドマークの寺院で、エレベーターで像の内部から周辺を一望できます。

## 🔍 在住者・シニア視点での見どころ
【白と青の寺だけじゃない】「黒い家（バーン・ダム）」の狂気的な芸術性や、市内南部の「シンハーパーク」の農場風景。実は市内にも隠れた古刹が多く、観光客の喧騒を離れて静かに歴史をたどることができます。

## 🛒 特産品・キーワード
- **カオソーイ**
    - 北部タイを代表するカレー麺。濃厚なココナッツスープに揚げ麺がトッピングされた、この地域に来たら外せない料理です。
- **パイナップル**
    - 特に小ぶりで非常に甘い「プーレー種」が有名で、チェンライの主要な農産物の一つです。

## 📝 エリア総括
チェンライ県の県庁所在地であるムアン郡は、生活・観光のすべてが集約された拠点エリアです。世界的に有名な「白い寺（ワット・ロンクン）」や「青い寺（ワット・ロンスアテン）」といった現代的なスポットから、歴史ある古刹までが狭い範囲に凝縮されています。交通インフラが整っており、配車アプリのGrabやタクシーで手軽に移動できるため、足腰に不安のあるシニアの方でも快適に過ごせます。カフェ文化も発展しており、観光の合間にゆったりと休憩を挟むスタイルが最適です。ここを拠点に各地へ足を伸ばすのがチェンライ滞在の王道といえるでしょう。"
2	B.北部：国境・お茶	Mae Sai（メーサイ）	Mae Sai Border Market, Wat Phra That Doi Wao (Skywalk), Tham Luang Cave, Ban Pha Mi, The Thai-Burmese Border Gate, Doi Pha Mee, Tham Luang - Khun Nam Nang Non Forest Park	อ.แม่สาย	タイ最北端の国境の町	【国境の雑踏とサソリ寺】橋の周辺の市場だけでなく、高台にある「ワット・プラタート・ドイワオ（サソリ寺）」のスカイウォークから見るミャンマー側の景色が絶景。	宝石、乾物、中国製品	車で1時間15分（北）	◯ 普通：国境までバス可。周辺観光はソンテウ貸切かバイク	https://www.google.com/maps/search/Mae+Sai+District		"# メーサイ อ.แม่สาย

> **タイ最北端の国境の町**

## 📍 基本情報
- **エリア区分**: B.北部：国境・お茶
- **距離感**: 車で1時間15分（北）
- **アクセス難易度**: ◯ 普通：国境までバス可。周辺観光はソンテウ貸切かバイク

## 🗺️ 観光ハイライト (Must Visit)
主要な観光スポットです。

- **メーサイ・ボーダーマーケット** (Mae Sai Border Market)
    - ミャンマー国境沿いに広がる巨大な市場で、衣類や日用品、輸入雑貨が所狭しと並びます。
- **ワット・プラタート・ドイワオ（スカイウォーク）** (Wat Phra That Doi Wao (Skywalk))
    - 山の上に位置する通称「サソリ寺」で、新設されたスカイウォークからは国境越しのミャンマーの街並みが一望できます。
- **タムルアン洞窟** (Tham Luang Cave)
    - 2018年の少年サッカーチーム救出劇の舞台となった、世界的にも有名な長大な鍾乳洞です。
- **バン・パーミー** (Ban Pha Mi)
    - かつてアヘン栽培地だった場所が転換された、美味しいコーヒーと絶景が楽しめるアカ族の村です。
- **タイ・ミャンマー国境ゲート** (The Thai-Burmese Border Gate)
    - タイ最北端の標識がある象徴的な場所で、毎日多くの人々が橋を渡って往来する国境点です。
- **ドイ・パーミー** (Doi Pha Mee)
    - 雲海や美しい山の稜線を望むことができ、洗練されたカフェが点在する人気の展望エリアです。
- **タムルアン・クンナムナーンノーン森林公園** (Tham Luang - Khun Nam Nang Non Forest Park)
    - 豊かな自然に囲まれた公園で、エメラルドグリーンの池や美しい遊歩道が整備されています。

## 🔍 在住者・シニア視点での見どころ
橋の周辺にある活気ある市場の散策はもちろんですが、特におすすめなのは高台に位置する「ワット・プラタート・ドイワオ（サソリ寺）」です。ここにあるスカイウォークからは、国境を隔てたミャンマー側のタチレクの街並みを安全かつ立体的に眺めることができ、その絶景は一見の価値があります。国境の雑踏とは対照的な、開放感ある景色を楽しめます。

## 🛒 特産品・キーワード
- **宝石**
    - ミャンマー産の翡翠やルビーなどが持ち込まれ、周辺には加工販売する店が多く集まっています。
- **乾物**
    - 乾燥したキノコやナッツ、ドライフルーツなど、中国や近隣国から入ってきた日持ちのする食料品が豊富です。
- **中国製品**
    - 陸路で運ばれてくる最新の電化製品や雑貨などが、タイの他エリアよりも安価に流通しています。

## 📝 エリア総括
メーサイはタイ最北端に位置し、異国情緒あふれる独特の熱気を持つ国境の町です。チェンライ市内から直行バスでアクセス可能な利便性の高さがあり、シニア世代でも比較的訪れやすいエリアです。単なる買い物スポットとしてだけでなく、近年は「タムルアン洞窟」周辺の整備や、山岳地帯の絶景カフェ「パン・パーミー」など、歴史的な物語と自然を同時に楽しめる観光地へと進化しています。アクティブに市場を歩き回った後は、涼しい高台のカフェでゆったりと国境の景色を眺める、メリハリのある滞在スタイルが最適です。"
3	B.北部：国境・お茶	Chiang Saen（チェンセーン）	Golden Triangle Park, Hall of Opium Museum, Wat Phra That Chedi Luang, Wat Pa Sak, Chiang Saen Lake, Wat Phra That Pha Ngao (Skywalk), Golden Triangle Buddha	อ.เชียงแสน	古代王朝のロマンと大河	【城壁都市の面影】ゴールデントライアングルが有名だが、マニアックなのは「旧市街の廃寺跡巡り」。アユタヤよりも古いランナー王国の歴史が静かに眠る。	清酒（サトウキビ酒）、メコン川の魚	車で1時間10分（北東）	◯ 普通：バス可。町中は徒歩・トゥクトゥクで移動可	https://www.google.com/maps/search/Chiang+Saen+District		"# チェンセーン อ.เชียงแสน

> **古代王朝のロマンと大河**

## 📍 基本情報
- **エリア区分**: B.北部：国境・お茶
- **距離感**: 車で1時間10分（北東）
- **アクセス難易度**: ◯ 普通：バス可。町中は徒歩・トゥクトゥクで移動可

## 🗺️ 観光ハイライト (Must Visit)
主要な観光スポットです。

- **ゴールデン・トライアングル・パーク** (Golden Triangle Park)
    - タイ、ミャンマー、ラオスの三ヶ国がメコン川を挟んで接する、かつての阿片密造地帯として知られる景勝地です。
- **ホール・オブ・オピウム・ミュージアム** (Hall of Opium Museum)
    - 阿片の歴史や影響を詳細に展示した、教育的価値の高い近代的な博物館です。
- **ワット・プラタート・チェーディー・ルアン** (Wat Phra That Chedi Luang)
    - チェンセーン旧市街にある、14世紀に建立された巨大な八角形の基壇を持つ古刹です。
- **ワット・パーサック** (Wat Pa Sak)
    - 「チークの森の寺院」を意味し、様々な建築様式が融合した美しい仏塔が残る歴史公園内の遺跡です。
- **チェンセーン湖** (Chiang Saen Lake)
    - 多くの渡り鳥が飛来する広大な自然湖で、静かな景色を楽しみながら食事ができる憩いの場です。
- **ワット・プラタート・パーガオ（スカイウォーク）** (Wat Phra That Pha Ngao (Skywalk))
    - メコン川と隣国を一望できるガラス張りの展望デッキが人気の、高台にある寺院です。
- **ゴールデン・トライアングル・ブッダ** (Golden Triangle Buddha)
    - ゴールデントライアングルの船着き場近くに鎮座する、黄金色に輝く巨大な屋外仏像です。

## 🔍 在住者・シニア視点での見どころ
【城壁都市の面影】
観光の定番であるゴールデントライアングルも魅力ですが、このエリアの真髄は「旧市街の廃寺跡巡り」にあります。アユタヤ王朝よりも古い歴史を持つランナー王国の息吹が、今も町中に点在する静かな遺跡群の中に息づいています。歴史好きのシニア世代には、有名な寺院だけでなく、住宅地の中にひっそりと佇む煉瓦造りの遺构を辿る散策をおすすめします。

## 🛒 特産品・キーワード
- **清酒（サトウキビ酒）**
    - 良質なサトウキビを原料とした地元の蒸留酒で、クリアな味わいが特徴の特産品です。
- **メコン川の魚**
    - メコン川で獲れた新鮮な川魚料理で、地元レストランではフライやトムヤムなどで提供されます。

## 📝 エリア総括
チェンセーンは、タイ北部で最も古い歴史を持つ都市の一つであり、旧市街を囲む古びた城壁がノスタルジックな雰囲気を醸し出しています。メコン川という大河を背景にした「ゴールデントライアングル」の雄大な景色と、静寂に包まれた「ランナー王朝の遺跡群」という二つの顔を持つのがこのエリアの魅力です。

市内からのアクセスは比較的良く、町中も平坦なため、シニア世代でも無理なく観光を楽しめます。派手な観光地を巡るだけでなく、リバーサイドのカフェや湖畔でゆったりと時間を過ごす、余裕を持った連泊スタイルの滞在が最適です。歴史のロマンに浸りながら、悠々と流れる時間の変化を肌で感じてみてください。"
4	C.東部：メコン・絶景	Chiang Khong（チェンコング）	Rim Khong Promenade, Giant Catfish Museum, Wat Phra Kaew Chiang Khong, Lanjia Lodge, Thai-Lao Friendship Bridge No.4, Hmong Batik Village	อ.เชียงของ	ラオス対岸のスローライフ	【芸術家が愛する町】チェンセーンより静かで、文化的。地元の芸術家が集まるギャラリーや、メコン川沿いの遊歩道は、シニアの長期滞在や沈没に最適。	プラーブック（メコンオオナマズ）、織物	車で1時間45分（東）	◯ 普通：バス可。町中は徒歩・自転車で散策可	https://www.google.com/maps/search/Chiang+Khong+District		"# Chiang Khong（チェンコング） อ.เชียงของ

> **ラオス対岸のスローライフ**

## 📍 基本情報
- **エリア区分**: C.東部：メコン・絶景
- **距離感**: 車で1時間45分（東）
- **アクセス難易度**: ◯ 普通：バス可。町中は徒歩・自転車で散策可

## 🗺️ 観光ハイライト (Must Visit)
主要な観光スポットです。

- **リム・コン・プロムナード** (Rim Khong Promenade)
    - メコン川の美しい景観を眺めながら散策できる、整備された開放的なリバーサイド遊歩道です。
- **ジャイアント・キャットフィッシュ・ミュージアム** (Giant Catfish Museum)
    - この地の象徴である絶滅危惧種「メコンオオナマズ」の生態や文化を学べる博物館です。
- **ワット・プラケオ・チェンコング** (Wat Phra Kaew Chiang Khong)
    - かつてエメラルド仏が安置されていたという伝承を持つ、歴史と由緒ある美しい寺院です。
- **ランジア・ロッジ** (Lanjia Lodge)
    - モン族やラフ族の文化に触れながらメコン川の絶景を楽しめる、持続可能なエコツーリズムの宿泊施設です。
- **タイ・ラオス第4友好橋** (Thai-Lao Friendship Bridge No.4)
    - タイのチェンコングとラオスのフアイサーイを結び、物流や観光の要となっている重要な国境の橋です。
- **モン・バティック・ヴィレッジ** (Hmong Batik Village)
    - モン族の伝統的な技法である、美しい藍染めのろうけつ染め（バティック）の制作過程を見学・体験できる村です。

## 🔍 在住者・シニア視点での見どころ
【芸術家が愛する町】として知られ、隣のチェンセーンよりも静かで文化的な香りが漂います。地元の芸術家たちが集まるギャラリーが点在しており、メコン川沿いの穏やかな遊歩道は、時間を忘れて過ごしたいシニアの長期滞在や「沈没（一箇所に長く留まること）」に最適な、癒やしの環境が整っています。

## 🛒 特産品・キーワード
- **プラーブック（メコンオオナマズ）**
    - メコン川に生息する世界最大級の淡水魚。希少な食材として知られ、当地のシンボル的存在です。
- **織物**
    - 地域の少数民族や地元の職人によって作られる、伝統的なパターンと手仕事の温もりが感じられる工芸品です。

## 📝 エリア総括
チェンコングは、メコン川を挟んでラオスを眼前に臨む、極めて穏やかな時間が流れるエリアです。かつての国境の町としての活気と、芸術家たちが惹きつけられる静寂が同居しており、派手な観光よりも「日常の延長にある上質な休息」を求める方に適しています。遊歩道の整備により、シニア層でも安心してリバーサイドの散策を楽しめるのが魅力です。モン族の伝統文化や芸術に触れながら、メコン川に沈む夕日を眺めて数日間滞在する、スローな旅のスタイルが最もこの地の魅力を引き出します。"
5	B.北部：国境・お茶	Mae Chan（メーチャン）	Choui Fong Tea Plantation, Pa Tueng Hot Spring, Wat Tham Pa Archa Thong (Horse Riding Monks), Hill Tribe Development Center, Rai Chuen Tawan (Meditation Center), Lan Thong Village	อ.แม่จัน	山岳民族と茶畑への玄関口	【温泉と点心】メーサロンへ登る入り口。途中にある「パー・トゥン温泉」は整備されており、足湯が楽しめる。山地民のマーケットも活気がある。	茶葉、温泉卵	車で40分（北）	△ 難：バスは通過のみ。観光地へは自家用車・ソンテウ貸切必須	https://www.google.com/maps/search/Mae+Chan+District		"# Mae Chan（メーチャン） อ.แม่จัน

> **山岳民族と茶畑への玄関口**

## 📍 基本情報
- **エリア区分**: B.北部：国境・お茶
- **距離感**: 車で40分（北）
- **アクセス難易度**: △ 難：バスは通過のみ。観光地へは自家用車・ソンテウ貸切必須

## 🗺️ 観光ハイライト (Must Visit)
主要な観光スポットです。

- **チュイフォン・ティー・プランテーション** (Choui Fong Tea Plantation)
    - 山の斜面一面に広がる美しい茶畑を眺めながら、新鮮なお茶やスイーツを楽しめるモダンなカフェを併設した農園です。
- **パー・トゥン温泉** (Pa Tueng Hot Spring)
    - 地域住民にも愛される公共の温泉で、噴き出す源泉のほか、手軽に利用できる足湯や入浴施設が整っています。
- **ワット・タム・パー・アーチャー・トーン（馬乗り僧侶の寺）** (Wat Tham Pa Archa Thong (Horse Riding Monks))
    - 馬に乗って托鉢に巡る珍しい僧侶の姿が見られることで有名な、深い森に囲まれた修行寺院です。
- **山岳民族開発センター** (Hill Tribe Development Center)
    - 地域の多様な少数民族の生活や文化を保護・紹介し、自立支援を行う施設で、手織り品などの見学も可能です。
- **ライ・チュエン・タワン（瞑想センター）** (Rai Chuen Tawan (Meditation Center))
    - 有名な説法僧によって設立された、美しい庭園と穏やかな空気に満ちたマインドフルネスのための広大な施設です。
- **ラン・トーン・ビレッジ** (Lan Thong Village)
    - 伝統的な北部タイ（ランナー文化）の生活様式を体験・学習できる観光文化村です。

## 🔍 在住者・シニア視点での見どころ
メーサロンなど標高の高い山岳地帯へ登る起点となるエリアです。なかでも「パー・トゥン温泉」は整備状況が良く、移動の疲れを癒やす足湯としての利用が最適です。また、このエリアの山岳民族マーケットは活気があり、ローカルな食材や点心を楽しむといった食の楽しみも充実しています。

## 🛒 特産品・キーワード
- **茶葉**
    - 高緯度の気候を活かして栽培されたウーロン茶が有名で、香り高くお土産としても高い人気を誇ります。
- **温泉卵**
    - 温泉の源泉で作られる名物で、ちょうど良い半熟具合をその場で味わうことができる観光客の定番グルメです。

## 📝 エリア総括
メーチャンは、チェンライ市内から国境方面や山岳路へ向かう際の重要な結節点です。このエリアの最大の魅力は、茶畑の圧倒的な景観と、日常生活の中に息づく多様な山岳民族の文化に触れられる点にあります。特に「馬乗り僧侶」の托鉢や温泉施設は、アクティブに動きたいシニア世代にとっても思い出深い体験となるでしょう。公共交通機関での各スポット移動は難易度が高いため、運転手付きの車やソンテウを貸切にして、ゆっくりと時間をかけて各施設を巡る滞在スタイルが適しています。"
6	B.北部：国境・お茶	Mae Fa Luang（メーファールアン）	Doi Tung Royal Villa, Mae Fah Luang Garden, Wat Phra That Doi Tung, Doi Chang Mub Viewpoint, Ban Pha Hi Coffee Village, Doi Tung Tree Top Walk	อ.แม่ฟ้าหลวง	王室プロジェクトと雲上の花園	【中国国民党の末裔の村】ドイトゥン宮殿が有名だが、その奥のドイ・チャン・ムーブ（国境の軍事基地・展望台）は究極の絶景スポット。	コーヒー、マカダミアナッツ、冬の花	車で1時間10分（北西）	▲ 山道：【急勾配】自家用車またはソンテウ貸切必須	https://www.google.com/maps/search/Mae+Fa+Luang+District		"# メーファールアン อ.แม่ฟ้าหลวง

> **王室プロジェクトと雲上の花園**

## 📍 基本情報
- **エリア区分**: B.北部：国境・お茶
- **距離感**: 車で1時間10分（北西）
- **アクセス難易度**: ▲ 山道：【急勾配】自家用車またはソンテウ貸切必須

## 🗺️ 観光ハイライト (Must Visit)
主要な観光スポットです。

- **ドイトゥン・ロイヤル・ヴィラ** (Doi Tung Royal Villa)
    - 故シーナカリン皇太后の別荘で、スイスの建築様式とタイの伝統が融合した質実剛健かつ美しい邸宅です。
- **メーファールアン・ガーデン** (Mae Fah Luang Garden)
    - 山の斜面を活かして作られた、色とりどりの高山植物が年中咲き誇る手入れの行き届いた広大な庭園です。
- **ワット・プラタート・ドイトゥン** (Wat Phra That Doi Tung)
    - 標高約2,000メートルの山頂に位置する、由緒ある二基の黄金の仏塔がシンボルの聖なる寺院です。
- **ドイ・チャン・ムーブ展望台** (Doi Chang Mub Viewpoint)
    - タイとミャンマーの国境地帯に位置し、遮るものがない山並みの絶景を見渡せる軍事拠点兼展望スポットです。
- **バーン・パーヒー・コーヒー・ヴィレッジ** (Ban Pha Hi Coffee Village)
    - アカ族の集落で、絶壁を望むカフェで高品質な自家栽培コーヒーを楽しみながら雲海を眺めることができます。
- **ドイトゥン・ツリー・トップ・ウォーク** (Doi Tung Tree Top Walk)
    - 森林の中、地上30メートルの高さに設置された吊り橋を歩きながらスリリングに自然を観察できるアクティビティです。

## 🔍 在住者・シニア視点での見どころ
このエリアは「ドイトゥン宮殿」が観光の目玉として有名ですが、在住者や旅慣れたシニアにこそ訪れてほしいのが、さらに奥地にある**ドイ・チャン・ムーブ（国境の軍事基地・展望台）**です。ここは、かつてのアヘン密造地帯から平和な観光地へと変貌を遂げた象徴的な場所であり、軍が管理する展望台から眺める「究極の絶景」は、チェンライ随一のパノラマです。また、中国国民党の末裔が暮らす村々の文化的な背景も、深い旅を求める方に最適です。

## 🛒 特産品・キーワード
- **コーヒー**
    - 標高の高い涼冷な気候を活かして栽培されるアラビカ種のコーヒーで、王室プロジェクトにより世界的な品質を誇ります。
- **マカダミアナッツ**
    - かつての焼畑農業に代わる重要作物として導入された、香ばしく濃厚な味わいの特産ナッツです。
- **冬の花**
    - タイの他地域では見ることができない、アジサイやペチュニアなどの温帯性の花々が季節を問わず栽培されています。

## 📝 エリア総括
メーファールアンは、かつての荒廃した地を故皇太后が変革させた「奇跡の復興」を体現するエリアです。王室の避暑地らしい洗練された庭園や建築物と、隣国ミャンマーを眼下に望む国境地帯の荒々しい自然が共存しています。急勾配な山道が続くため、訪問には運転代行やソンテウの貸切が推奨されます。シニア世代にとっては、整備されたドイトゥン宮殿周辺をゆっくり散策するスタイル、または展望台から壮大な景色を楽しむ落ち着いた滞在が適しています。コーヒーの香りとともに、チェンライの歴史と豊かな自然を感じられる特別な場所です。"
7	D.南西部：温泉・コーヒー	Mae Suai（メースアイ）	Doi Chang Coffee Estate, Wat Saeng Kaeo Phothiyan (Skywalk), Mae Suai Dam, Charin Garden Resort, Doi Chang Viewpoint, Akha Hill House	อ.แม่สรวย	チェンマイへの通り道とダム	【タイ随一のコーヒー産地】ドイチャーンコーヒーの本拠地。巨大な「メースアイ・ダム」の景観は圧巻で、ドライブ休憩に最適。	アラビカコーヒー、イチゴ	車で50分（南西）	▲ 山道：【カーブ多】ダム・農園へは自家用車必須	https://www.google.com/maps/search/Mae+Suai+District		"# メースアイ (Mae Suai) อ.แม่สรวย

> **チェンマイへの通り道とダム**

## 📍 基本情報
- **エリア区分**: D.南西部：温泉・コーヒー
- **距離感**: 車で50分（南西）
- **アクセス難易度**: ▲ 山道：【カーブ多】ダム・農園へは自家用車必須

## 🗺️ 観光ハイライト (Must Visit)
主要な観光スポットです。

- **ドイチャーン・コーヒー・エステート** (Doi Chang Coffee Estate)
    - タイ最高峰のブランド「ドイチャーン」の拠点であり、焙煎の香り漂う広大なコーヒー農園。
- **ワット・セーンケーオ・ポーティヤーン（スカイウォーク）** (Wat Saeng Kaeo Phothiyan (Skywalk))
    - 精緻な彫刻と巨大な仏像が並ぶ寺院で、スリリングなガラス張りのスカイウォークから絶景を楽しめます。
- **メースアイ・ダム** (Mae Suai Dam)
    - 山々に囲まれた美しい貯水池で、静かな水面を眺めながら食事やドライブを楽しめる癒やしのスポット。
- **チャリン・ガーデン・リゾート** (Charin Garden Resort)
    - 川沿いの美しい庭園が有名で、自家製の手作りパイが絶大な人気を誇る老舗の休憩スポット。
- **ドイチャーン・ビューポイント** (Doi Chang Viewpoint)
    - 標高の高い位置からメースアイの山並みと雲海を一望できる、写真撮影に最適な展望台。
- **アカ・ヒル・ハウス** (Akha Hill House)
    - 山岳民族アカ族の文化に触れることができる宿泊施設で、渓谷を見下ろす素晴らしい眺望が魅力。

## 🔍 在住者・シニア視点での見どころ
**【タイ随一のコーヒー産地】**
ドイチャーンコーヒーの本拠地として知られ、コーヒー愛好家にはたまらないエリアです。巨大な「メースアイ・ダム」の景観は圧巻で、道中のドライブ休憩にも最適です。

## 🛒 特産品・キーワード
- **アラビカコーヒー**
    - 高地栽培された高品質な豆で、深いコクと豊かな香りが特徴のこの街を代表する特産品です。
- **イチゴ**
    - 高原の涼しい気候を利用して栽培されており、乾季には直売所や摘み取り体験も楽しめます。

## 📝 エリア総括
メースアイは、チェンライ市内からチェンマイへと続く国道沿いに位置する、自然と文化が調和したエリアです。タイを代表するコーヒーブランド「ドイチャーン」の産地として知られ、山岳部には美しいコーヒー農園が広がります。シニア層には、メースアイ・ダムでの穏やかな景色や、チャリン・ガーデンでのティータイムが特におすすめです。一方で、絶景スポットが集まるドイチャーン山頂付近へは急勾配や急カーブの続く道が多いため、運転には注意が必要ですが、そこから望むパノラマは一見の価値があります。ドライブを楽しみながら、豊かな山の恵みを堪能する滞在スタイルが最適です。"
8	D.南西部：温泉・コーヒー	Wiang Pa Pao（ウィアンパパオ）	Wiang Kalong Ancient Kilns, Thaweesin Hot Spring, Khun Chae National Park, Mae Kachan Hot Spring, Wat Phra That Mae Chedi	อ.เวียงป่าเป้า	古陶磁器と天然温泉の里	【幻の陶磁器ウィアンカロン】かつて焼かれていた「ウィアンカロン焼」の窯跡がある。国道沿いのタウィーシン温泉は足湯無料。	陶磁器、温泉、路上の竹筒ご飯（カオラム）	車で1時間20分（南西）	△ 難：バス停車可だが、基本は自家用車必須	https://www.google.com/maps/search/Wiang+Pa+Pao+District		"# ウィアンパパオ（Wiang Pa Pao） อ.เวียงป่าเป้า

> **古陶磁器と天然温泉の里**

## 📍 基本情報
- **エリア区分**: D.南西部：温泉・コーヒー
- **距離感**: 車で1時間20分（南西）
- **アクセス難易度**: △ 難：バス停車可だが、基本は自家用車必須

## 🗺️ 観光ハイライト (Must Visit)
主要な観光スポットです。

- **ウィアンカロン古窯跡** (Wiang Kalong Ancient Kilns)
    - 14～16世紀頃に栄えた、独特の繊細な絵付けが特徴の幻の陶磁器「ウィアンカロン焼」の歴史的な窯跡です。
- **タウィーシン温泉** (Thaweesin Hot Spring)
    - 国道118号線沿いにある温泉施設で、無料で利用できる足湯や、個室風呂、卵を茹でる体験が楽しめます。
- **クンチェー国立公園** (Khun Chae National Park)
    - 豊かな熱帯雨林と山岳地帯に囲まれ、本格的なトレッキングや滝の鑑賞ができる自然豊かな国立公園です。
- **メーカチャン温泉** (Mae Kachan Hot Spring)
    - チェンライとチェンマイを結ぶ経由地として有名なスポットで、多くの観光客が休憩や足湯に立ち寄ります。
- **ワット・プラタート・メー・チェーディー** (Wat Phra That Mae Chedi)
    - 小高い丘の上に位置し、美しい仏塔と境内からの穏やかなパノラマビューが楽しめる地元の人々の信仰を集める寺院です。

## 🔍 在住者・シニア視点での見どころ
【幻の陶磁器ウィアンカロン】
かつてこの地で焼かれていた「ウィアンカロン焼」の窯跡が残されており、歴史愛好家にはたまらないスポットです。美術的価値の高い古陶磁器のルーツに触れることができます。また、国道沿いのタウィーシン温泉は足湯が無料で提供されており、長距離移動の合間に体を癒やすのに最適です。

## 🛒 特産品・キーワード
- **陶磁器**
    - 地域の伝統であるウィアンカロン焼の技法を継承した、美しく精巧な模様が施された焼き物です。
- **温泉**
    - 豊富な湯量を誇る天然温泉で、リラックス効果や血行促進が期待できるレジャー・健康スポットです。
- **路上の竹筒ご飯（カオラム）**
    - もち米とココナッツミルクを竹筒に入れて炭火で焼いた、香ばしさと甘みが特徴の伝統的なお菓子です。

## 📝 エリア総括
ウィアンパパオは、チェンライとチェンマイを結ぶ幹線道路沿いに位置し、歴史と癒やしが共存するエリアです。かつての栄華を伝える「ウィアンカロン焼」の窯跡巡りは知的な知的好奇心を満たし、点在する温泉施設は長旅の疲れを優しく癒やしてくれます。特にシニア世代には、無理のないペースで楽しめる足湯巡りや寺院参拝がおすすめです。公共交通機関はバスが利用可能ですが、各スポットが点在しているため、自家用車やチャーター車を利用してゆったりと回るのが、このエリアの魅力を最大限に味わう滞在スタイルと言えるでしょう。"
9	C.東部：メコン・絶景	Thoeng（トゥン）	Phu Chi Fa Forest Park, Phu Chi Dao, Phu Chi Duean, Wat Phra That Chom Cho (Thoeng), Ing River Viewpoint	อ.เทิง	プーチーファーへの登竜門	【花の季節のドライブ】山岳地帯への入り口。冬場は道沿いに花が咲き乱れる。郡自体は静かな農村だが、市場のローカル度は高い。	プーチーファー（雲海）、花	車で1時間（東）	▲ 山道：【長距離】プーチーファーへはソンテウ貸切か自家用車	https://www.google.com/maps/search/Thoeng+District		"# トゥン อ.เทิง

> **プーチーファーへの登竜門**

## 📍 基本情報
- **エリア区分**: C.東部：メコン・絶景
- **距離感**: 市内から車で約1時間（東方向）
- **アクセス難易度**: ▲ 山道：【長距離】プーチーファーへはソンテウ貸切か自家用車での移動が必要

## 🗺️ 観光ハイライト (Must Visit)
主要な観光スポットです。

- **プーチーファー森林公園** (Phu Chi Fa Forest Park)
    - タイ屈指の雲海の名所として知られる、ラオス国境に面した断崖絶壁の景勝地です。
- **プーチーダオ** (Phu Chi Dao)
    - プーチーファーに匹敵する絶景を誇り、360度のパノラマビューが楽しめる比較的新しい展望スポットです。
- **プーチードゥアン** (Phu Chi Duean)
    - 標高が高く、混雑を避けて静かに雲海や星空を眺めることができる穴場の山頂です。
- **ワット・プラタート・チョム・チョ（トゥン）** (Wat Phra That Chom Cho (Thoeng))
    - トゥンの街を見下ろす丘の上に建つ、黄金の仏塔が美しい歴史ある寺院です。
- **イン川ビューポイント** (Ing River Viewpoint)
    - チェンライの主要な河川の一つであるイン川の穏やかな流れを眺めることができる休息場所です。

## 🔍 在住者・シニア視点での見どころ
山岳地帯への入り口となるこのエリアは、**冬場（12月〜2月）のドライブ**が特におすすめです。道沿いに色鮮やかな花々が咲き乱れ、車窓からの景色を楽しむことができます。郡の中心部は非常に静かな農村ですが、地元の市場（タラート）はローカル色が強く、観光地化されていない北タイの日常に触れることができます。

## 🛒 特産品・キーワード
- **プーチーファー（雲海）**
    - 乾季の早朝に発生する幻想的な自然現象。一生に一度は見たいタイ東部の象徴的風景です。
- **花**
    - 高地特有の涼しい気候を利用して栽培される、ポインセチアやサクラ（ワイルド・ヒマラヤン・チェリー）などの鑑賞用植物です。

## 📝 エリア総括
トゥン郡は、タイを代表する絶景スポット「プーチーファー」への拠点となる重要なエリアです。市内からは1時間程度の距離ですが、ここからさらに険しい山道が続くため、体力に自信のないシニアの方は無理のない旅程を組む必要があります。
観光の主役は雲海ですが、実は麓の農村風景やローカル市場の素朴な暮らしぶりにも大きな魅力があります。冬の時期に車を借り切り、沿道の花々を愛でながらのんびりと山岳地帯を目指すスタイルが最適です。山頂付近は冷え込むため、厚手の防寒着は必須です。"
10	E.南部：田園・パヤオ路	Phan（パーン）	Wat Sai Khao, Doi Luang National Park (Headquarters), Panyapiwat Waterfall, Wat Phra That Chom Wae, Phan District Market	อ.พาน	広大な水田地帯と奇抜な寺	【Unseenな寺】「ワット・サイカオ」は白の寺に似ているが、さらに奇抜で観光客が少なく、写真撮影の穴場。街自体は米どころとして豊か。	米（ジャスミンライス）、淡水魚	車で45分（南）	△ 難：バス・鉄道駅あるが、点在する寺巡りには車が必要	https://www.google.com/maps/search/Phan+District		"# Phan（パーン） อ.พาน

> **広大な水田地帯と奇抜な寺**

## 📍 基本情報
- **エリア区分**: E.南部：田園・パヤオ路
- **距離感**: 車で45分（南）
- **アクセス難易度**: △ 難：バス・鉄道駅あるが、点在する寺巡りには車が必要

## 🗺️ 観光ハイライト (Must Visit)
主要な観光スポットです。

- **ワット・サイカオ** (Wat Sai Khao)
    - 独創的な彫刻が立ち並ぶ白い寺院で、芸術性の高いモダンな仏教建築が見どころです。
- **ドイ・ルアン国立公園（本部）** (Doi Luang National Park (Headquarters))
    - 手つかずの原生林が広がり、トレッキングや豊かな動植物の観察を楽しめる自然保護区です。
- **パンヤピワット滝** (Panyapiwat Waterfall)
    - 地元の人々の憩いの場となっている、涼しげな水辺の景観が美しい自然スポットです。
- **ワット・プラタート・チョムウェー** (Wat Phra That Chom Wae)
    - 丘の上に建つ聖なる仏塔で、パーンの町並みと田園風景を一望できる絶景ポイントです。
- **パーン郡公設市場** (Phan District Market)
    - 地元の新鮮な食材や珍しい山産物が集まる、活気あふれる巨大な市場です。

## 🔍 在住者・シニア視点での見どころ
「ワット・サイカオ」は、チェンライ市内の有名な「白の寺（ワット・ロンクン）」を彷彿とさせる緻密な装飾を持ちながら、観光客が少なく、落ち着いて鑑賞できる穴場スポットです。派手な外装の寺院が静かな水田地帯に突如現れるコントラストは非常にインパクトがあり、ゆったりと写真撮影を楽しみたいシニア世代には特におすすめです。

## 🛒 特産品・キーワード
- **米（ジャスミンライス）**
    - 香りが高く粘り気のある最高級のタイ米で、このエリアの広大な水田で育まれた特産品です。
- **淡水魚**
    - 豊かな水源を利用して養殖された魚で、市場では新鮮な状態で売られ、地元の郷土料理の主役となります。

## 📝 エリア総括
パーン郡は、チェンライ市内から南へ下るパヤオ路の途中に位置し、見渡す限りの広大な水田が広がる「米どころ」としての顔を持ちます。観光の目玉は隠れた名刹ワット・サイカオで、混雑を避けて芸術的な寺院建築を楽しみたい方に最適です。また、標高の高い国立公園や滝など、自然豊かな癒やしのスポットも点在しています。移動には車が不可欠なため、チャーター車や自家用車で、田園風景を眺めながらのんびりと寺院巡りをする滞在スタイルが適しています。"
11	E.南部：田園・パヤオ路	Pa Daet（パーデッド）	Wat Phra That Chom Sak, Pa Daet Rice Fields, Wat Tham Phra, Local Morning Market	อ.ป่าแดด	「天日干し」の名のつく米倉庫	【究極の田舎道】観光地はほぼ皆無。だからこそ「何もないタイの田舎」を見たい人向けのドライブコース。米の品質が良いことで知られる。	香り米	車で1時間（南東）	× 車必須：公共交通ほぼ無し。自家用車必須	https://www.google.com/maps/search/Pa+Daet+District		"# Pa Daet（パーデッド） อ.ป่าแดด

> **「天日干し」の名のつく米倉庫**

## 📍 基本情報
- **エリア区分**: E.南部：田園・パヤオ路
- **距離感**: 車で1時間（南東）
- **アクセス難易度**: × 車必須：公共交通ほぼ無し。自家用車必須

## 🗺️ 観光ハイライト (Must Visit)
主要な観光スポットです。

- **ワット・プラタート・チョムサック** (Wat Phra That Chom Sak)
    - 丘の上に建つ金色の仏塔が特徴的な寺院で、地域の信仰を集める静かな聖地です。
- **パーデッド・ライス・フィールズ** (Pa Daet Rice Fields)
    - 郡名である「天日干し」の由来を感じさせる、見渡す限り広がる美しい水田地帯です。
- **ワット・タム・プラ** (Wat Tham Phra)
    - 洞窟の中に仏像が安置された神秘的な寺院で、落ち着いた修行の雰囲気を感じられます。
- **ローカル・モーニング・マーケット** (Local Morning Market)
    - 地元のの人々の生活を支える朝市で、新鮮な農産物や北タイ独自の惣菜が並びます。

## 🔍 在住者・シニア視点での見どころ
【究極の田舎道】
ここは有名な観光地がほぼ皆無なエリアです。しかし、だからこそ「何もないタイの田舎」の原風景をゆったりと眺めたい方に最適です。人の手が入りすぎていない、素朴で穏やかな田園風景の中を走り抜けるドライブコースとして価値があります。

## 🛒 特産品・キーワード
- **香り米**
    - パーデッド郡は米の品質が良いことで知られており、炊き上がりの香りが非常に豊かな最高級のタイ米が生産されています。

## 📝 エリア総括
パーデッドは、観光ガイドにはまず載ることのない「タイの日常」が色濃く残るエリアです。チェンライ市内から南東へ車を走らせると、そこには美しい水田風景と静寂な寺院が広がります。公共交通機関が皆無であるため、自家用車やレンタカーでの移動が前提となりますが、観光客の喧騒から離れて、タイの米どころとしての情緒を肌で感じたいシニア層や長期滞在者に適しています。特別なアクティビティを求めるのではなく、流れる景色と澄んだ空気を楽しむ、大人のためのドライブスポットと言えるでしょう。"
12	E.南部：田園・パヤオ路	Mae Lao（メーラオ）	Doi Dong Ma Na, Wat Phra That Chom Mok Kaeo, Bua Sali Rice Mill, Mae Lao River	อ.แม่ลาว	交通の要衝と静かな自然	【白の寺の南側】ムアン郡に隣接。ドイ・ドン・マ・ナという小高い丘があり、軽いハイキングや森林浴ができる地元民の憩いの場。	セラミック製品	車で20分（南）	△ 難：市内から近いが流しのタクシー無し。自家用車推奨	https://www.google.com/maps/search/Mae+Lao+District		"# メーラオ อ.แม่ลาว

> **交通の要衝と静かな自然**

## 📍 基本情報
- **エリア区分**: E.南部：田園・パヤオ路
- **距離感**: 車で20分（南）
- **アクセス難易度**: △ 難：市内から近いが流しのタクシー無し。自家用車推奨

## 🗺️ 観光ハイライト (Must Visit)
主要な観光スポットです。

- **ドイ・ドン・マ・ナ** (Doi Dong Ma Na)
    - 地元の人々に愛される標高の低い山で、軽めのハイキングや豊かな自然の中での森林浴が楽しめます。
- **ワット・プラタート・チョム・モック・ケオ** (Wat Phra That Chom Mok Kaeo)
    - 高台に位置し、メーラオの田園風景を一望できる、静寂に包まれた歴史ある寺院です。
- **ブア・サリ・ライス・ミル** (Bua Sali Rice Mill)
    - 地域の農業文化を象徴する精米所で、田園地帯ならではの風景と人々の生活感に触れられます。
- **メーラオ川** (Mae Lao River)
    - エリアを穏やかに流れる川で、周辺には緑豊かな散策路や地元の人々の憩いの場が点在しています。

## 🔍 在住者・シニア視点での見どころ
チェンライ市内からほど近い「白の寺（ワット・ロンクン）」の南側に位置する、アクセス性の良い穴場エリアです。**ドイ・ドン・マ・ナ**は小高い丘になっており、体力的負担の少ない軽いハイキングコースとして最適。喧騒を離れ、清々しい空気の中で森林浴を楽しみたいシニア世代や在住者のリフレッシュに最適なスポットです。

## 🛒 特産品・キーワード
- **セラミック製品**
    - 地元の粘土を活かした陶磁器。素朴な風合いの生活食器や工芸品が作られており、お土産にも適しています。

## 📝 エリア総括
メーラオは、チェンライ市内から南へ車でわずか20分という好立地にありながら、観光化されすぎていない素朴な自然が残るエリアです。有名な「白の寺」のすぐ先に位置し、パヤオ県へと続く交通の要衝でありながら、一歩裏道に入れば穏やかな田園風景と清流メーラオ川の景色が広がります。急勾配の少ない小高い丘での散策は、健康維持を兼ねたシニアの休日アクティビティにぴったりです。公共交通機関は限られるため、自家用車やレンタカー、チャーター車を利用して、静かな寺院巡りや地元の生活文化に触れるゆったりとした滞在がおすすめです。"
13	A.中心部・近郊	Wiang Chai（ウィアンチャイ）	Nong Luang Lake, Santiburi Country Club, Wat Phra That Wiang Chai, Wiang Chai Market	อ.เวียงชัย	市内近郊のベッドタウン	【ゴルフと貯水池】サンティブリ・カントリークラブなどの名門ゴルフ場がある。大きな貯水池があり、夕涼みスポットとして穴場。	籐製品（家具など）	車で20分（東）	△ 難：ソンテウあるが、ゴルフ場・ダムへは自家用車必須	https://www.google.com/maps/search/Wiang+Chai+District		"# ウィアンチャイ อ.เวียงชัย

> **市内近郊のベッドタウン**

## 📍 基本情報
- **エリア区分**: A.中心部・近郊
- **距離感**: 車で20分（東）
- **アクセス難易度**: △ 難：ソンテウあるが、ゴルフ場・ダムへは自家用車必須

## 🗺️ 観光ハイライト (Must Visit)
主要な観光スポットです。

- **ノンルアン湖** (Nong Luang Lake)
    - 地元の人々に愛される広大な貯水池で、美しい夕日や水辺の景観が楽しめるリラックススポットです。
- **サンティブリ・カントリークラブ** (Santiburi Country Club)
    - タイ屈指のクオリティを誇る名門ゴルフコースで、戦略的な設計と美しい景観が特徴です。
- **ワット・プラタート・ウィアンチャイ** (Wat Phra That Wiang Chai)
    - 黄金色に輝く巨大な仏塔が印象的な、静寂に包まれた歴史ある寺院です。
- **ウィアンチャイ市場** (Wiang Chai Market)
    - 地元の活気が感じられるローカル市場で、新鮮な食材や素朴な北タイの惣菜が並びます。

## 🔍 在住者・シニア視点での見どころ
【ゴルフと貯水池】サンティブリ・カントリークラブなどの名門ゴルフ場があるのが最大の特徴です。また、大きな貯水池（ノンルアン湖）があり、観光地化されすぎていない夕涼みスポットとして、静かに過ごしたい方には絶好の穴場となっています。

## 🛒 特産品・キーワード
- **籐製品（家具など）**
    - 地域の伝統的な工芸品で、しっかりとした編み込みが特徴の丈夫で美しい椅子やカゴなどのインテリア製品です。

## 📝 エリア総括
ウィアンチャイは、チェンライ市内から車でわずか20分という好立地にありながら、都会の喧騒を離れた穏やかな空気が流れるエリアです。特にゴルフ好きのシニア層や在住者にとって、タイ屈指の名門コースであるサンティブリ・カントリークラブは外せない存在です。また、ノンルアン湖周辺は観光客の少ない穴場のチルアウトスポットとなっており、水辺でのんびりと夕涼みを楽しむような、ゆったりとした滞在スタイルに適しています。交通面では、公共交通機関での細かな移動は難しいため、自家用車やチャーター車を利用して、自然豊かな郊外の魅力を再発見するような旅におすすめしたい地域です。"
14	F.マニアック（北東・東）	Wiang Chiang Rung（ウィアンチェンルン）	Wat Pa Ruak, Nong Luang Reservoir (East Side), Local Rice Fields, Wat Thep Nimit	อ.เวียงเชียงรุ้ง	新設された静かな農村	【見渡す限りの畑】観光客はまず行かない。だからこそ、昔ながらの北タイの農村風景がそのまま残っている。写真家向けの風景。	農業全般	車で40分（北東）	× 車必須：完全な車社会。自家用車必須	https://www.google.com/maps/search/Wiang+Chiang+Rung+District		"# ウィアンチェンルン อ.เวียงเชียงรุ้ง

> **新設された静かな農村**

## 📍 基本情報
- **エリア区分**: F.マニアック（北東・東）
- **距離感**: 車で40分（北東）
- **アクセス難易度**: × 車必須：完全な車社会。自家用車必須

## 🗺️ 観光ハイライト (Must Visit)
主要な観光スポットです。

- **ワット・パー・ルアク** (Wat Pa Ruak)
    - 地元の信仰を集める、森に囲まれた静寂な佇まいの寺院です。
- **ノーン・ルアン貯水池（東側）** (Nong Luang Reservoir (East Side))
    - 広大な水面と山並みが美しく、特に夕暮れ時の景観が素晴らしい親水スポットです。
- **ローカル・ライス・フィールズ** (Local Rice Fields)
    - 季節ごとに表情を変える、北タイの伝統的な稲作地帯の風景が広がっています。
- **ワット・テープ・ニミット** (Wat Thep Nimit)
    - 高台に位置し、村ののどかな田園風景を一望できる見晴らしの良い寺院です。

## 🔍 在住者・シニア視点での見どころ
**【見渡す限りの畑】**
観光客はまず訪れることのない穴場エリアです。だからこそ、観光地化されていない「昔ながらの北タイの農村風景」がそのまま残っています。余計な看板や喧騒がなく、レンズを向ければどこでも絵になる、プロやアマチュア写真家にとって非常に魅力的な原風景が広がっています。

## 🛒 特産品・キーワード
- **農業全般**
    - 米、野菜、果物など、豊かな土壌を活かした食料生産が盛んなエリアです。新鮮な産直品が手に入ります。

## 📝 エリア総括
ウィアンチェンルンは、チェンライ市内から車で40分ほどという距離にありながら、観光化の波に飲まれていない「リアルなタイの田舎」を体感できる貴重なエリアです。公共交通機関は皆無に等しいため、自家用車やレンタカーでの移動が前提となります。寺院や貯水池を目的地にしつつ、その道中に広がる圧倒的な田園美をゆっくりと楽しむ、スローなドライブ旅行に最適です。シニア層にとっては足場の悪い場所も少ないため、車窓から風景を愛で、静かな農村の空気に癒やされる滞在スタイルがおすすめです。"
15	C.東部：メコン・絶景	Khun Tan（クンターン）	Phaya Phiphak Historical Park, Tat Khwan Waterfall, Ing River Viewpoint, Wat Phra That Khun Tan	อ.ขุนตาล	メコン川の隠れた辺境	【川沿いの静寂】チェンコングの南。観光地化されていないメコン川の風景が見られる。「パヤー・ピパック歴史公園」というマニアックな高地がある。	川海苔（カイ）、果物	車で1時間30分（東）	× 車必須：幹線道路沿いだが観光スポットへは自家用車必須	https://www.google.com/maps/search/Khun+Tan+District		"# クンターン อ.ขุนตาล

> **メコン川の隠れた辺境**

## 📍 基本情報
- **エリア区分**: C.東部：メコン・絶景
- **距離感**: 車で1時間30分（東）
- **アクセス難易度**: × 車必須：幹線道路沿いだが観光スポットへは自家用車必須

## 🗺️ 観光ハイライト (Must Visit)
主要な観光スポットです。

- **パヤー・ピパック歴史公園** (Phaya Phiphak Historical Park)
    - 過去の紛争の歴史を伝え、共産党との戦いを記念する高台の公園です。
- **タートクワンの滝** (Tat Khwan Waterfall)
    - 地元の人々に愛される、自然豊かで清涼感あふれるコミュニティ公園内の滝です。
- **イン川ビューポイント** (Ing River Viewpoint)
    - メコン川に流れ込む支流のイン川と、豊かな田園風景を一望できる絶景スポットです。
- **ワット・プラタート・クワンターン** (Wat Phra That Khun Tan)
    - 郡のシンボル的な寺院であり、地元住民の信仰を集める歴史ある場所です。

## 🔍 在住者・シニア視点での見どころ
【川沿いの静寂】を深く味わえるエリアです。観光拠点として有名なチェンコーンの南に位置しながら、大規模な開発が及んでいないため、ありのままのメコン川の風景を静かに楽しめます。「パヤー・ピパック歴史公園」は非常にマニアックな高地スポットですが、かつての歴史に思いを馳せながら静寂の中で景色を眺めたいシニア層や在住者に最適な隠れ家的な場所と言えます。

## 🛒 特産品・キーワード
- **川海苔（カイ）**
    - 乾季の清流で採取される川の藻で、揚げておつまみにしたり、スープにして食される地域の伝統食です。
- **果物**
    - メコン川流域の肥沃な土地で栽培される、マンゴーやライチなどの瑞々しい季節の果実です。

## 📝 エリア総括
クンターンは、チェンライ東部の中でも観光地化されていない「素顔のメコン」に出会える希少なエリアです。主要な観光地を巡り尽くした在住者や、人混みを避けてゆったりとした時間を過ごしたいシニア世代に適しています。特にイン川がメコンに合流する周辺ののどかな風景は、チェンライらしい叙情的な美しさを湛えています。ただし、公共交通機関での移動は現実的ではなく、高地の歴史公園など各スポットへの移動には自家用車やレンタカーが必須となるため、十分な準備をして訪れることを推奨します。"
16	F.マニアック（北東・東）	Phaya Mengrai（パヤーメンラーイ）	Wat Phra That Chom Cho, Nam Tok Tak Tak, Mengrai Maharat Monument, Local Bamboo Forest	อ.พญาเม็งราย	王の名を冠した歴史の町	【クンコーン滝への裏道】チェンライを建国したメンラーイ王の史跡があるが小規模。観光地というよりは歴史好きが名前で訪れる場所。	マンゴー	車で1時間（東）	× 車必須：公共交通不便。自家用車必須	https://www.google.com/maps/search/Phaya+Mengrai+District		"# Phaya Mengrai（パヤーメンラーイ） อ.พญาเม็งราย

> **王の名を冠した歴史の町**

## 📍 基本情報
- **エリア区分**: F.マニアック（北東・東）
- **距離感**: 車で1時間（東）
- **アクセス難易度**: × 車必須：公共交通不便。自家用車必須

## 🗺️ 観光ハイライト (Must Visit)
主要な観光スポットです。

- **ワット・プラタート・チョム・チョー** (Wat Phra That Chom Cho)
    - 丘の上に位置し、地域を見渡す眺望と黄金の仏塔が美しい静かな寺院です。
- **ナム・トック・タック・タック** (Nam Tok Tak Tak)
    - 地元の人々に親しまれている、自然豊かな落ち着いた雰囲気の小規模な滝です。
- **メンラーイ・マハラート・モニュメント** (Mengrai Maharat Monument)
    - チェンライの創始者であるメンラーイ王を祀った、町のシンボルとなる記念碑です。
- **ローカル・バンブー・フォレスト** (Local Bamboo Forest)
    - 手つかずの自然が残る、清涼感あふれる地元の竹林エリアです。

## 🔍 在住者・シニア視点での見どころ
【クンコーン滝への裏道】チェンライを建国したメンラーイ王の史跡がありますが、規模は控えめです。一般的な観光ルートからは外れるため、観光地化された場所を避けたい方や、チェンライの歴史に深い関心を持ち、その名前に惹かれて訪れるようなこだわり派の旅行者に適しています。

## 🛒 特産品・キーワード
- **マンゴー**
    - この地域で栽培されている、甘みが強く芳醇な香りが特徴のトロピカルフルーツです。

## 📝 エリア総括
パヤーメンラーイは、チェンライ建国の祖であるメンラーイ王の名を冠した、歴史的な重みを感じさせるエリアです。観光地としての派手さはありませんが、王ゆかりの史跡や静かな滝、竹林など、チェンライの日常に近い素朴な風景が広がっています。市内から車で1時間ほどと距離があり、公共交通機関でのアクセスが困難なため、自家用車やレンタカーを利用できるアクティブなシニアや、メジャーな観光地に飽きた長期滞在者に向いています。歴史の断片を辿りながら、ゆったりとした時間を過ごすのに適したマニアックな町といえるでしょう。"
17	C.東部：メコン・絶景	Wiang Kaen（ウィアンゲン）	Doi Pha Tang, Kaeng Pha Dai, Ban Huai I-an, Pom Piya Viewpoint, Chinese Soldiers Village	อ.เวียงแก่น	断崖絶壁とポメロの里	【中国山水画の世界】「パー・タン」は車で頂上近くまで行ける絶景ポイントで、シニアにもおすすめ（プーチーファーより歩かない）。	ソムオー（ポメロ・ザボン）、冬野菜	車で1時間45分（東・国境）	▲ 山道：【激しい山道】自家用車必須。運転技術が必要	https://www.google.com/maps/search/Wiang+Kaen+District		"# ウィアンゲン อ.เวียงแก่น

> **断崖絶壁とポメロの里**

## 📍 基本情報
- **エリア区分**: C.東部：メコン・絶景
- **距離感**: 車で1時間45分（東・国境）
- **アクセス難易度**: ▲ 山道：【激しい山道】自家用車必須。運転技術が必要

## 🗺️ 観光ハイライト (Must Visit)
主要な観光スポットです。

- **ドイ・パー・タン** (Doi Pha Tang)
    - ラオスを見下ろす断崖絶壁が続く、雲海の名所として知られる絶景スポットです。
- **ケン・パー・ダイ** (Kaeng Pha Dai)
    - メコン川がタイからラオスへと完全に流れ去る最後の地点とされる景勝地です。
- **バン・フアイ・イアン** (Ban Huai I-an)
    - メコン川沿いに位置し、現地の漁村の暮らしや穏やかな川の流れを近くに感じる場所です。
- **ポム・ピヤ・ビューポイント** (Pom Piya Viewpoint)
    - メコン川の蛇行を一望できる隠れた展望スポットで、特に夕暮れ時の美しさが際立ちます。
- **チャイニーズ・ソルジャー・ビレッジ** (Chinese Soldiers Village)
    - かつてこの地に定住した国民党軍の末裔が暮らす、中国文化の色濃い山岳集落です。

## 🔍 在住者・シニア視点での見どころ
中国の山水画を思わせる霧深い山並みが最大の見どころです。特に名勝「ドイ・パー・タン」は、山頂付近まで車両でアクセスできるため、体力の消耗を抑えつつ絶景を楽しみたいシニア世代にも適しています。近隣のプーチーファーに比べて歩行距離が短く、無理なく国境の断崖美を堪能できます。

## 🛒 特産品・キーワード
- **ソムオー（ポメロ・ザボン）**
    - ウィアンゲン特産の柑橘類で、果肉が厚く上品な甘みと酸味が特徴の大きなザボンです。
- **冬野菜**
    - 高地の涼しい気候を利用して栽培される、新鮮なキャベツや白菜などの高原野菜です。

## 📝 エリア総括
ウィアンゲンは、メコン川を挟んでラオスと対峙するチェンライの最東端に位置するエリアです。険しい山道が続くためアクセスには運転技術が必要ですが、その先には中国山水画のような壮大な断崖絶壁と、雲海が広がる絶景が待っています。かつての越境軍事の歴史が育んだ中華情緒あふれる文化も健在で、本格的な雲南料理を楽しむことも可能です。体力に自信のない方でも、車を降りてすぐ絶景に触れられるスポットが多く、ゆったりとしたペースで大自然の静寂と特産のソムオーを楽しみながら滞在するスタイルがおすすめです。"
18	F.マニアック（北東・東）	Doi Luang（ドイルアン）	Pu Kaeng Waterfall, Doi Luang National Park (North Entrance), Wat Phra That Doi Luang, Local Bamboo Forest	อ.ดอยหลวง	国立公園の自然美	【手つかずの滝】ドイルアン国立公園の一部。プーケーン滝などがあり、自然派・トレッキング好きにはたまらないエリア。	タケノコ、森林資源	車で1時間（北東）	× 車必須：公共交通無し。自家用車必須	https://www.google.com/maps/search/Doi+Luang+District		"# ドイルアン อ.ดอยหลวง

> **国立公園の自然美**

## 📍 基本情報
- **エリア区分**: F.マニアック（北東・東）
- **距離感**: 車で1時間（北東）
- **アクセス難易度**: × 車必須：公共交通無し。自家用車必須

## 🗺️ 観光ハイライト (Must Visit)
主要な観光スポットです。

- **プーケーン滝** (Pu Kaeng Waterfall)
    - ドイルアン国立公園内に位置する、石灰岩の層を流れる透明度の高い美しい多段式の滝です。
- **ドイルアン国立公園（北入口）** (Doi Luang National Park (North Entrance))
    - 広大な森林保護区への北側の玄関口で、豊かな生態系と手つかずの自然が残るトレッキングの拠点です。
- **ワット・プラタート・ドイルアン** (Wat Phra That Doi Luang)
    - 山の麓に位置し、地元住民の信仰を集める、静謐な空気が流れる伝統的な寺院です。
- **ローカル・バンブー・フォレスト** (Local Bamboo Forest)
    - 地域特産のタケノコが自生する、美しい景観と実益を兼ね備えた竹林エリアです。

## 🔍 在住者・シニア視点での見どころ
【手つかずの滝】が最大の魅力です。ドイルアン国立公園の一部であり、特にプーケーン滝などは、観光地化されすぎていない自然本来の姿を楽しめます。自然派の方や、アクティブに歩くことを厭わないトレッキング好きのシニア層にはたまらない、マニアックで奥深いエリアです。

## 🛒 特産品・キーワード
- **タケノコ**
    - 広大な竹林から採れる新鮮な山の幸で、煮込み料理やカレーの具材として地域を代表する味覚です。
- **森林資源**
    - 国立公園の豊かな山々から恩恵を受ける木工品や薬草など、自然と共生する暮らしを支える資源です。

## 📝 エリア総括
ドイルアンは、チェンライ市内から車で約1時間の距離にありながら、観光化の波に飲まれていない「リアルな自然」が息づくエリアです。公共交通機関が全くないため、自家用車やレンタカーでの移動が前提となりますが、その分、静寂の中で森林浴や滝のマイナスイオンを独占できる贅沢さがあります。体力に自信のあるシニアや、メジャーな観光地を巡り尽くした在住者にとって、国立公園の雄大な自然美と向き合える、リフレッシュに最適な場所と言えるでしょう。滞在の際は、タケノコなどの季節の山の幸を味わうのも楽しみの一つです。"
19	G.北タイ周辺（週末旅行）	Phayao - Mueang（パヤオ・ムアン）	Kwan Phayao (Phayao Lake), Wat Tilok Aram, Wat Si Kom Kham, Phayao Walking Street	อ.เมืองพะเยา	湖に沈む夕日と焼き魚	【チェンライの隣】最も気軽な1泊旅行先。湖畔のレストランで名物「プラー・ニン（ティラピア）の塩焼き」を食べ、湖に沈む夕日を見るのが至福。	湖、焼き魚	車で1.5時間（南）	◎ 容易：道も平坦で運転しやすい。バスも頻繁にある	https://maps.app.goo.gl/ChiangKhong0		"# パヤオ・ムアン อ.เมืองพะเยา

> **湖に沈む夕日と焼き魚**

## 📍 基本情報
- **エリア区分**: G.北タイ周辺（週末旅行）
- **距離感**: 車で1.5時間（南）
- **アクセス難易度**: ◎ 容易：道も平坦で運転しやすい。バスも頻繁にある

## 🗺️ 観光ハイライト (Must Visit)
主要な観光スポットです。

- **クワン・パヤオ（パヤオ湖）** (Kwan Phayao (Phayao Lake))
    - タイ北部で最大、タイ全土でも有数の広さを誇る美しい淡水湖で、夕日の名所として有名です。
- **ワット・ティロック・アラーム** (Wat Tilok Aram)
    - パヤオ湖の底に沈んでいた500年以上前の寺院跡で、現在は小舟で参拝に行くことができます。
- **ワット・シー・コム・カム** (Wat Si Kom Kham)
    - パヤオ湖畔に位置し、タイ北部最大級の仏像「プラ・カオ・チャオ・ラーン・トゥー」が安置されている重要寺院です。
- **パヤオ・ウォーキングストリート** (Phayao Walking Street)
    - 週末の夜に湖畔で開催される歩行者天国で、活気ある屋台料理や地元の工芸品が並びます。

## 🔍 在住者・シニア視点での見どころ
チェンライから最も気軽に足を運べる1泊旅行先として最適です。湖畔のレストランで名物「プラー・ニン（ティラピア）の塩焼き」を味わいながら、湖に沈む夕日を眺める時間は、都会の喧騒を忘れる至福のひとときとなります。

## 🛒 特産品・キーワード
- **湖**
    - パヤオの象徴であり、人々の生活の中心。朝の托鉢や夕暮れの散策など、時間帯ごとに異なる表情を楽しめます。
- **焼き魚**
    - 湖で獲れる新鮮な「プラー・ニン（ティラピア）」を塩焼きにした名物料理です。身が厚く淡白な味わいが特徴です。

## 📝 エリア総括
チェンライから南へ車でわずか1.5時間という好立地にあり、週末の小旅行に最適なエリアです。最大の魅力はタイ北部最大級の淡水湖「パヤオ湖」を囲む穏やかな空気感にあります。道中の道のりは平坦で運転しやすく、シニア世代でも安心して移動が可能です。湖畔の寺院巡りや、小舟での水上参拝など、落ち着いた観光スタイルが楽しめます。滞在の際はぜひ湖畔の宿を選び、名物の焼き魚を堪能しながら、北タイでも屈指の美しさと称される湖畔の夕景に浸るのがおすすめです。"
20	G.北タイ周辺（週末旅行）	Chiang Mai - Fang（チェンマイ・ファン）	Doi Ang Khang, Fang Hot Spring National Park, Wat Tha Ton, Hinoki Land	อ.ฝาง	桜の名所と極上の温泉	【北からのチェンマイ入り】チェンライからメーサイ方面を経由して行ける。ドイ・アンカーンは急勾配だが、麓の「ファン温泉」は個室あり・湯量豊富でシニアに最高。	温泉、ミカン、桜	車で2時間（西）	▲ 山道：チェンライからは山越えルート。自家用車推奨	https://maps.app.goo.gl/ChiangKhong1		"# Chiang Mai - Fang（チェンマイ・ファン） อ.ฝาง

> **桜の名所と極上の温泉**

## 📍 基本情報
- **エリア区分**: G.北タイ周辺（週末旅行）
- **距離感**: 車で2時間（西）
- **アクセス難易度**: ▲ 山道：チェンライからは山越えルート。自家用車推奨

## 🗺️ 観光ハイライト (Must Visit)
主要な観光スポットです。

- **ドイ・アンカーン** (Doi Ang Khang)
    - 山岳地帯の冷涼な気候を活かした王室プロジェクトの農園があり、冬には美しい桜（ヒマラヤザクラ）が咲き誇る景勝地です。
- **ファン温泉国立公園** (Fang Hot Spring National Park)
    - 高温の熱泉が吹き出す間欠泉が有名で、足湯や個室風呂、露天風呂など本格的な入浴が楽しめる温泉施設です。
- **ワット・タートーン** (Wat Tha Ton)
    - コック川を見下ろす丘の上に建つ巨大な寺院で、九重の塔からは周辺の山々と川のパノラマビューを望めます。
- **ヒノキ・ランド** (Hinoki Land)
    - 日本の建築や文化をテーマにした大規模な観光施設で、総檜造りの建物や鳥居、美しい庭園が話題のスポットです。

## 🔍 在住者・シニア視点での見どころ
チェンライからメーサイ方面を経由してアクセスできるため、北側からの周遊ルートとして最適です。特にドイ・アンカーンへの道は急勾配が続きますが、山を下りた麓にある「ファン温泉」は施設が充実。湯量が豊富で、プライバシーに配慮された**個室風呂**があるため、長旅の疲れを癒やしたいシニア世代には最高の休息場所となります。

## 🛒 特産品・キーワード
- **温泉**
    - 硫黄成分を含む良質な天然温泉で、飲用可能な源泉や、温泉卵作り体験なども楽しめます。
- **ミカン**
    - ファン郡はタイ有数のミカンの産地。甘みと酸味のバランスが良い「サイナムプン種」が有名で、街道沿いで新鮮な果実を購入できます。
- **桜**
    - 12月末から1月にかけて、タイの桜と呼ばれる「ワイルド・ヒマラヤン・チェリー」が山肌をピンク色に染め上げます。

## 📝 エリア総括
チェンライから西へ山を越えた先に位置するファンは、涼しい気候と豊かな自然に恵まれた保養地です。急勾配な山道があるため移動には自家用車やチャーター車が推奨されますが、その分、山頂の絶景や高品質な温泉という見返りは非常に大きいエリアです。冬場は「桜」と「温泉」を同時に楽しめるため、急ぎ足の観光よりも、1泊2日程度でゆったりと心身をリセットする滞在スタイルが適しています。特に温泉施設はシニア層にも優しく、チェンライ在住者の週末旅行先として非常に満足度の高いデスティネーションです。"
21	G.北タイ周辺（週末旅行）	Chiang Mai - Mueang（チェンマイ市内）	Wat Phra That Doi Suthep, Chiang Mai Old City, Nimman Road, Warorot Market, Jing Jai Market	อ.เมืองเชียงใหม่	北方のバラ・都会の利便性	【都会の息抜き】チェンライにはないデパートや日本食、高度医療がある。週末マーケット（Jing Jai）はオーガニックで洗練されておりシニアに大人気。	都会、買い物、医療	車で3時間（南西）	◯ 普通：グリーンバスで一本。自家用車だと峠道がきつい	https://maps.app.goo.gl/ChiangKhong2		"# チェンマイ市内 อ.เมืองเชียงใหม่

> **北方のバラ・都会の利便性**

## 📍 基本情報
- **エリア区分**: G.北タイ周辺（週末旅行）
- **距離感**: 車で3時間（南西）
- **アクセス難易度**: ◯ 普通：グリーンバスで一本。自家用車だと峠道がきつい

## 🗺️ 観光ハイライト (Must Visit)
主要な観光スポットです。

- **ワット・プラタート・ドイ・ステープ** (Wat Phra That Doi Suthep)
    - 山頂に位置し、黄金の仏塔とチェンマイ市街を一望できる北タイで最も神聖な寺院の一つです。
- **チェンマイ旧市街** (Chiang Mai Old City)
    - お堀と城壁に囲まれた歴史的エリアで、数多くの古刹やカフェが点在する街歩きの中心地です。
- **ニマンヘミン通り** (Nimman Road)
    - 最先端のショッピングモールやおしゃれなカフェ、ブティックが集まる現代的なトレンド発信地です。
- **ワローロット市場** (Warorot Market)
    - 地元の人々の台所として親しまれる歴史ある巨大市場で、乾物や北タイの伝統工芸品が豊富に揃います。
- **ジンジャイ・マーケット** (Jing Jai Market)
    - 週末に開催されるオーガニック市場で、洗練された工芸品や産地直送の食材が並ぶ人気スポットです。

## 🔍 在住者・シニア視点での見どころ
【都会の息抜き】としての価値が非常に高いエリアです。チェンライにはない大型デパートや本格的な日本食レストラン、高度な医療設備が整っており、日常生活の質の向上に寄与します。特に週末に開催される「Jing Jai Market」は、オーガニック製品の質が高く、洗練された空間作りがなされており、健康意識の高いシニア層から絶大な支持を得ています。

## 🛒 特産品・キーワード
- **都会**
    - 高層ビルや商業施設が立ち並び、地方都市では得られない刺激と利便性を享受できる環境です。
- **買い物**
    - 高級ブランドから伝統的な民芸品、最新のガジェットまで、チェンライでは手に入りづらい物品の購入が可能です。
- **医療**
    - 日本語対応可能な国際病院など、シニア世代にとって安心できる高度な二次・三次救急や専門医療体制を指します。

## 📝 エリア総括
チェンライ在住者にとって、チェンマイ市内は「週末にリフレッシュを兼ねて訪れる都会」としての役割が強いエリアです。歴史ある寺院や旧市街の情緒を楽しみつつ、デパートでの買い物や日本食の提供を受けることで、生活の利便性を補完できます。特にジンジャイ・マーケットのような洗練された市場は、シニア層の静かな休暇に最適です。チェンライからはグリーンバス一本でアクセス可能ですが、自家用車の場合は急勾配の峠道が続くため、運転には十分な注意が必要です。都会的な機能と観光の魅力がバランスよく融合した、北タイ最大の拠点といえます。"
22	G.北タイ周辺（週末旅行）	Lampang - Mueang（ランパーン）	Wat Phra That Lampang Luang, Thai Elephant Conservation Center, Dhanabadee Ceramic Museum, Kad Kong Ta (Walking Street)	อ.เมืองลำปาง	馬車が走るレトロな街並み	【古き良きタイ】チェンマイへの通り道だが、素通りは惜しい。「鶏柄の丼（チキンボウル）」の博物館や、週末の夜市は建物がレトロで雰囲気が抜群。	陶器、馬車	車で2.5時間（南西）	◯ 普通：国道1号線を南下するだけ。運転しやすい	https://maps.app.goo.gl/ChiangKhong3		"# ランパーン（Mueang） อ.เมืองลำปาง

> **馬車が走るレトロな街並み**

## 📍 基本情報
- **エリア区分**: G.北タイ周辺（週末旅行）
- **距離感**: 車で2.5時間（南西）
- **アクセス難易度**: ◯ 普通：国道1号線を南下するだけ。運転しやすい

## 🗺️ 観光ハイライト (Must Visit)
主要な観光スポットです。

- **ワット・プラタート・ランパーン・ルアン** (Wat Phra That Lampang Luang)
    - 現存するタイ最古級の木造寺院で、北タイ様式の最高傑作と称される荘厳な寺院です。
- **タイ・エレファント・コンサベーション・センター** (Thai Elephant Conservation Center)
    - 象の保護と育成を行う政府公認の施設で、象の病院やショー、エコ体験が楽しめます。
- **ダナバディ・セラミック・ミュージアム** (Dhanabadee Ceramic Museum)
    - ランパーン名物「ニワトリ柄の陶器（チキンボウル）」の歴史を学び、制作過程を見学できる博物館です。
- **カード・コン・ター（ウォーキング・ストリート）** (Kad Kong Ta (Walking Street))
    - 市場が開催される週末の夜には、古い木造建築の街並みがライトアップされ、レトロな情緒に包まれます。

## 🔍 在住者・シニア視点での見どころ
【古き良きタイ】を色濃く残すこのエリアは、チェンマイへの通り道として素通りされがちですが、実はじっくり滞在する価値があります。「鶏柄の丼（チキンボウル）」のルーツを探る博物館や、保存状態の良いレトロな建物が並ぶ週末の夜市は、落ち着いた雰囲気を好むシニア世代に最適です。

## 🛒 特産品・キーワード
- **陶器**
    - ランパーンを象徴するニワトリが描かれた陶磁器で、タイ全土の食堂で見かける定番の食器です。
- **馬車**
    - 現在もタイで唯一、実用的な観光手段として公道を走っている伝統的な移動手段です。

## 📝 エリア総括
ランパーンは、チェンライから南西へ車で約2.5時間、国道1号線一本で辿り着けるアクセスの良い街です。最大の特徴は、近代化の波の中でも失われなかった「古き良き北タイ」の風情。中心部には今も馬車が走り、歴史的な木造建築が美しく保存されています。特に週末の夜市は、他都市のような過度な商業化が少なく、ゆったりと散策を楽しめるのが魅力です。象の保護活動や伝統的な陶器文化など、知的な深みを感じるスポットも多いため、単なる通過点ではなく、1泊してじっくりと街の呼吸を感じる滞在スタイルがおすすめです。"
23	G.北タイ周辺（週末旅行）	Lamphun - Mueang（ランプーン）	Wat Phra That Hariphunchai, Chamadevi Temple, Hariphunchai National Museum	อ.เมืองลำพูน	北タイ最古の古都とロンガン	【寺院巡りの聖地】チェンマイの南。観光客が少なく落ち着いている。ハリプンチャイ寺院は北タイで最も格式高い寺の一つ。特産のロンガン（龍眼）を使った料理も。	ロンガン（果物）、古刹	車で3.5時間（南西）	◯ 普通：チェンマイから近い。道も整備されている	https://maps.app.goo.gl/ChiangKhong4		"# ランプーン（ムアン郡） อ.เมืองลำพูน

> **北タイ最古の古都とロンガン**

## 📍 基本情報
- **エリア区分**: G.北タイ周辺（週末旅行）
- **距離感**: 車で3.5時間（南西）
- **アクセス難易度**: ◯ 普通：チェンマイから近い。道も整備されている

## 🗺️ 観光ハイライト (Must Visit)
主要な観光スポットです。

- **ワット・プラタート・ハリプンチャイ** (Wat Phra That Hariphunchai)
    - 800年以上の歴史を誇る、黄金に輝く仏塔が象徴的な北タイ屈指の聖なる寺院です。
- **チャマデヴィ寺院** (Chamadevi Temple)
    - 階段状の四角錐が特徴的な美しい仏塔があり、古代ハリプンチャイ王国の様式を今に伝えています。
- **ハリプンチャイ国立博物館** (Hariphunchai National Museum)
    - この地域から出土した仏像やテラコッタなど、古代王国の歴史的遺産を多数展示しています。

## 🔍 在住者・シニア視点での見どころ
【寺院巡りの聖地】チェンマイのすぐ南に位置しながら、大規模な観光地化がされておらず、落ち着いて散策できるのが最大の魅力です。特にハリプンチャイ寺院は北タイで最も格式高い寺院の一つとして知られ、静寂の中で参拝が可能です。また、特産のロンガン（龍眼）を料理に取り入れるなど、この地ならではの食文化も楽しめます。

## 🛒 特産品・キーワード
- **ロンガン（果物）**
    - 龍眼（リュウガン）と呼ばれる、ライチに似た甘くジューシーな果実。ランプーンはタイ国内有数の産地です。
- **古刹**
    - 古い歴史を持つ寺院のことで、ハリプンチャイ王国時代の面影を残す建造物が市内に点在しています。

## 📝 エリア総括
ランプーン（ムアン郡）は、チェンマイからわずかな距離にありながら、古都としての品格と静謐さを保ち続けているエリアです。北タイ最古の都市「ハリプンチャイ王国」の都として栄えた歴史があり、歴史愛好家や落ち着いた時間を求めるシニア層には最適の目的地です。観光のメインは格式高い寺院巡りとなりますが、特産のロンガンを使用した珍しい料理を味わうなど、五感で歴史を感じる滞在が楽しめます。チェンライからは少し距離があるため、チェンマイを経由した一泊二日の週末旅行としての訪問をおすすめします。"
24	G.北タイ周辺（週末旅行）	Nan - Mueang（ナーン市内）	Wat Phumin (Whisper of Love), Nan National Museum, Wat Phra That Chae Haeng, Nan Noble House	อ.เมืองน่าน	「スローライフ」の聖地	【今、タイ人に一番人気】「囁く人」の壁画で有名。街全体が静かで清潔、文化的な香りがする。チェンライ在住者が「あそこは良い」と口を揃える場所。	壁画、スローライフ	車で4時間（南東）	▲ 山道：距離があり山道を通る。1泊以上推奨	https://maps.app.goo.gl/ChiangKhong5		"# Nan - Mueang（ナーン市内） อ.เมืองน่าน

> **「スローライフ」の聖地**

## 📍 基本情報
- **エリア区分**: G.北タイ周辺（週末旅行）
- **距離感**: 車で4時間（南東）
- **アクセス難易度**: ▲ 山道：距離があり山道を通る。1泊以上推奨

## 🗺️ 観光ハイライト (Must Visit)
主要な観光スポットです。

- **ワット・プーミン（ウィスパー・オブ・ラブ）** (Wat Phumin (Whisper of Love))
    - 「愛の囁き」として知られる有名な壁画があり、ナーンを象徴する美しい十字型の本堂を持つ寺院です。
- **ナーン国立博物館** (Nan National Museum)
    - 旧領主の宮殿を利用した博物館で、ナーンの歴史や文化、貴重な「黒い象牙」などが展示されています。
- **ワット・プラタート・チェーヘーン** (Wat Phra That Chae Haeng)
    - 卯年（うさぎ年）の守護仏塔として知られ、黄金色に輝くナーン県で最も神聖な寺院の一つです。
- **ナーン・ノーブル・ハウス（ホーン・チャオ・フォング・カム）** (Nan Noble House)
    - 100年以上の歴史を持つチーク材の伝統的な高床式住宅で、かつての貴族の暮らしを今に伝えています。

## 🔍 在住者・シニア視点での見どころ
現在、タイ人の間で最も人気のあるデスティネーションの一つです。特に「囁く人」の壁画が有名ですが、それ以上に街全体が非常に静かで清潔に保たれており、落ち着いた文化的な香りが漂います。チェンライ在住者からも「あそこは素晴らしい」と一目置かれるほど、穏やかで洗練された空気感が魅力です。

## 🛒 特産品・キーワード
- **壁画**
    - ワット・プーミンに描かれた「プーマーン・ヤーマーン（愛の囁き）」をモチーフにしたTシャツや雑貨が定番の土産品です。
- **スローライフ**
    - 予定を詰め込まず、カフェでの休息や路地裏の散策をのんびりと楽しむ、ナーンの街特有のゆったりとした滞在スタイルを指します。

## 📝 エリア総括
ナーン市内は、北タイの古都の中でも特に「静寂」と「文化」が調和した魅力的なエリアです。チェンライからは山道を越えて車で約4時間を要するため、日帰りではなく1泊以上の滞在が基本となります。街全体がコンパクトで歩道も整備されており、シニア層でもゆったりと散策を楽しめるのが特徴です。華やかな観光地とは一線を画す、清潔で規律ある街並みと、洗練された北タイ文化に触れたい方に最適です。都会の喧騒を離れ、文字通り「スローライフ」を体現するような質の高い週末旅行を約束してくれる場所と言えるでしょう。"
25	G.北タイ周辺（週末旅行）	Nan - Pua（ナーン・プア）	Wat Phuket, Cocoa Valley Resort, Tai Lue Fabric Village, Doi Phu Kha National Park	อ.ปัว	田園風景とタイ・ルー族の文化	【日本の原風景】ナーン市内からさらに北へ。美しい水田と、織物（タイ・ルー織）が有名。おしゃれなカフェやココア農園もあり、女性やシニアに人気。	織物、ココア	車で5時間（南東）	▲ 山道：ナーン市内からさらに1時間。遠いが価値あり	https://maps.app.goo.gl/ChiangKhong6		"# プア อ.ปัว

> **田園風景とタイ・ルー族の文化**

## 📍 基本情報
- **エリア区分**: G.北タイ周辺（週末旅行）
- **距離感**: 車で5時間（南東）
- **アクセス難易度**: ▲ 山道：ナーン市内からさらに1時間。遠いが価値あり

## 🗺️ 観光ハイライト (Must Visit)
主要な観光スポットです。

- **ワット・プーケット** (Wat Phuket)
    - 高台に位置し、眼下に広がる広大な田園風景と山々を一望できるプア随一の絶景寺院です。
- **ココア・バレー・リゾート** (Cocoa Valley Resort)
    - 自社農園のココアを楽しめるカフェと宿泊施設で、本格的なチョコレート作り体験も人気です。
- **タイ・ルー・ファブリック・ヴィレッジ** (Tai Lue Fabric Village)
    - 伝統的なタイ・ルー族の織り成す美しいテキスタイルが揃い、制作過程の見学や買い物も楽しめます。
- **ドイ・プー・カ国立公園** (Doi Phu Kha National Park)
    - 標高が高く涼しい山岳地帯で、2月から3月には希少なピンク色の花「チョンプー・プー・カ」が咲き誇ります。

## 🔍 在住者・シニア視点での見どころ
【日本の原風景】のような懐かしさを感じる景観が魅力です。チェンライやナーン市内からさらに足を延ばす価値があり、美しい水田に囲まれた穏やかな時間は、都会の喧騒を忘れたいシニア層に最適です。特にタイ・ルー族の伝統文化である織物（タイ・ルー織）の美しさと、近年注目されているおしゃれなカフェやココア農園の融合は、大人の女性の旅心をくすぐります。

## 🛒 特産品・キーワード
- **織物（タイ・ルー織）**
    - 幾何学模様が特徴的な手織りの伝統生地で、衣類や小物など旅の記念に最適な工芸品です。
- **ココア**
    - 地域の気候を活かしたカカオ栽培が盛んで、濃厚なチョコレートドリンクやスイーツが特産となっています。

## 📝 エリア総括
ナーン県の中でも、特に「平和な北タイの原風景」を象徴するエリアです。プア郡は山々に囲まれた盆地にあり、タイ・ルー族の伝統文化と現代的なオーガニック・ライフスタイルが見事に調和しています。チェンライからは車で約5時間と距離がありますが、車窓から見える山岳風景や、プアに到着した際の静寂と緑の美しさは格別です。急ぎ足の観光ではなく、おしゃれなカフェでココアを楽しみながら、田園を眺めて数日間滞在する「何もしない贅沢」を味わうスタイルが適しています。山道が続くため、車酔い対策と時間に余裕を持ったスケジュールを推奨します。"
26	G.北タイ周辺（週末旅行）	Phrae - Mueang（プレー）	Khum Chao Luang, Phrae Wong Buri House, Wat Phra That Cho Hae, Mo Hom Village	อ.เมืองแพร่	藍染めの服とチーク材の屋敷	【藍染め（モーホーム）】タイの農民服「モーホーム」の産地。素晴らしいチーク材の建築が残る。ナーンへ行く際の中継地点として寄るのがおすすめ。	藍染め、チーク材	車で3時間（南）	◯ 普通：パヤオの南。道は比較的走りやすい	https://maps.app.goo.gl/ChiangKhong7		"# プレー（郡/アンプ） อ.เมืองแพร่

> **藍染めの服とチーク材の屋敷**

## 📍 基本情報
- **エリア区分**: G.北タイ周辺（週末旅行）
- **距離感**: 車で3時間（南）
- **アクセス難易度**: ◯ 普通：パヤオの南。道は比較的走りやすい

## 🗺️ 観光ハイライト (Must Visit)
主要な観光スポットです。

- **クム・チャオ・ルアン** (Khum Chao Luang)
    - かつてのプレー領主の邸宅で、1892年に建てられた美しいチーク材の洋風建築物です。
- **プレー・ウォン・ブリー・ハウス** (Phrae Wong Buri House)
    - 100年以上の歴史を持つ２階建てのチーク材住宅で、精巧な透かし彫りとピンク色の外観が特徴です。
- **ワット・プラタート・チョー・ヘー** (Wat Phra That Cho Hae)
    - プレー県で最も重要な寺院の一つであり、寅年生まれの人に幸運をもたらすとされる仏塔があります。
- **モーホーム・ヴィレッジ** (Mo Hom Village)
    - タイの伝統的な藍染め「モーホーム」の生産拠点で、製作工程の見学や体験が可能です。

## 🔍 在住者・シニア視点での見どころ
タイの伝統的な農民服として知られる「モーホーム（藍染め）」の産地として名高く、本場の質の高い製品に触れることができます。また、かつて林業で栄えた歴史を象徴する素晴らしいチーク材の建築群が保存されており、歴史建築を好むシニア層にも非常に見応えがあります。ナーン県へ向かう際の重要な中継地点でもあるため、休憩を兼ねてゆっくりと立ち寄るのがおすすめです。

## 🛒 特産品・キーワード
- **藍染め（モーホーム）**
    - 天然の藍で染められたタイ伝統の木綿服。通気性が良く、素朴な風合いが特徴の実用的な衣類です。
- **チーク材**
    - かつてプレーが林業の中心地であったことを示す最高級木材。現在も邸宅や工芸品としてその価値を伝えています。

## 📝 エリア総括
プレーはチェンライから車で約3時間、パヤオを越えてさらに南下した場所に位置する落ち着いた古都です。観光の目玉は、歴史を感じさせる重厚なチーク材の建築物と、タイ全土に知られる藍染め「モーホーム」の文化です。華やかな巨大観光地ではありませんが、その分静かでゆったりとした時間が流れており、シニア世代が落ち着いて散策を楽しむのに適しています。ナーン県への道中に立ち寄る「寄り道」スポットとして非常に優秀ですが、藍染めの工房巡りや歴史邸宅の見学を主目的とした、ゆとりのある週末旅行先としての魅力も十分に備えています。"
27	G.北タイ周辺（週末旅行）	Mae Hong Son - Pai（パーイ）	Pai Canyon, Memorial Bridge, Pai Walking Street, Santichon Village, Tha Pai Hot Spring	อ.ปาย	762のカーブを越えた先の癒やし	【欧米人の沈没地】かつてのバックパッカーの聖地だが、今はお洒落なカフェやリゾートが増えシニアも楽しめる。ただし到達までの山道は過酷。	カフェ、温泉、雲海	車で6時間（西）	▲ 酷道：【車酔い注意】チェンマイからさらに激しい山道	https://maps.app.goo.gl/ChiangKhong8		"# Mae Hong Son - Pai（パーイ） อ.ปาย

> **762のカーブを越えた先の癒やし**

## 📍 基本情報
- **エリア区分**: G.北タイ周辺（週末旅行）
- **距離感**: 車で6時間（西）
- **アクセス難易度**: ▲ 酷道：【車酔い注意】チェンマイからさらに激しい山道

## 🗺️ 観光ハイライト (Must Visit)
主要な観光スポットです。

- **パーイ・キャニオン** (Pai Canyon)
    - 浸食された細い尾根を歩くことができる、夕日の名所として知られる絶景スポットです。
- **メモリアル・ブリッジ** (Memorial Bridge)
    - 第二次世界大戦中に日本軍によって建設された歴史的な鉄橋で、現在はフォトスポットとなっています。
- **パーイ・ウォーキング・ストリート** (Pai Walking Street)
    - 夜になると賑わう歩行者天国で、多国籍な屋台料理や個性的な雑貨店が並びます。
- **サンティチョン村** (Santichon Village)
    - 中国国民党の末裔が暮らす中国文化が色濃く残る村で、独特の住居や雲南料理を楽しめます。
- **ター・パーイ温泉** (Tha Pai Hot Spring)
    - 国立公園内にある自然豊かな露天風呂で、森林浴をしながらゆったりと入浴が可能です。

## 🔍 在住者・シニア視点での見どころ
かつてはバックパッカーの聖地として「沈没地」と呼ばれた場所ですが、現在は洗練されたデザインのカフェや高級リゾートが充実しており、落ち着いた滞在を求めるシニア層も十分に楽しめる環境が整っています。静かな自然の中で時間を忘れて過ごせるのが最大の魅力です。

## 🛒 特産品・キーワード
- **カフェ**
    - 山並みを望む絶景カフェや、自家焙煎にこだわったコーヒー店が数多く点在しています。
- **温泉**
    - 天然の硫黄泉や整備された温泉リゾートがあり、長旅の疲れを癒やすのに最適です。
- **雲海**
    - 乾季の早朝、周辺の展望台からは山々に広がる幻想的な気象現象を鑑賞できます。

## 📝 エリア総括
パーイは、チェンマイから762ものカーブが続く過酷な山道を越えた先に現れる、穏やかな盆地の街です。かつてのヒッピー文化の名残と、現代的なリゾート文化が融合した独特の空気感が漂っています。移動中の車酔い対策は必須ですが、到着後に待っているのは温泉や絶景カフェでの心安らぐ時間です。アクティブに動くよりも、お気に入りの宿やカフェを見つけて数日間「何もしない贅沢」を味わう滞在スタイルが、シニアや長期滞在者には特におすすめです。"
28	G.北タイ周辺（週末旅行）	Sukhothai - Mueang（スコータイ）	Sukhothai Historical Park, Wat Si Chum (Big Buddha), Ramkhamhaeng National Museum	อ.เมืองสุโขทัย	世界遺産の遺跡公園	【歴史の教科書】北タイ（ランナー）ではないが、チェンライから車で行ける範囲の世界遺産。遺跡公園内は平坦で、トラムや電動カートで回れるためシニアに最適。	世界遺産、遺跡	車で5.5時間（南）	◯ 長距離：道は良いが距離がある。2泊推奨	https://maps.app.goo.gl/ChiangKhong9		"# スコータイ（ムアン） อ.เมืองสุโขทัย

> **世界遺産の遺跡公園**

## 📍 基本情報
- **エリア区分**: G.北タイ周辺（週末旅行）
- **距離感**: 車で5.5時間（南）
- **アクセス難易度**: ◯ 長距離：道は良いが距離がある。2泊推奨

## 🗺️ 観光ハイライト (Must Visit)
主要な観光スポットです。

- **スコータイ歴史公園** (Sukhothai Historical Park)
    - ユネスコ世界遺産に登録された、13世紀のスコータイ王朝の壮大な寺院跡が点在する歴史公園です。
- **ワット・シーチュム（ビッグ・ブッダ）** (Wat Si Chum (Big Buddha))
    - 重厚な壁に囲まれた、隙間から見える巨大な坐像（アチャナ仏）が非常に印象的な寺院です。
- **ラムカムヘン国立博物館** (Ramkhamhaeng National Museum)
    - スコータイ遺跡から出土した仏像や、タイ文字の起源とされる石碑などを展示する重要な博物館です。

## 🔍 在住者・シニア視点での見どころ
【歴史の教科書】北タイ（ランナー文化圏）とは異なる、タイ族最初の王朝の歴史を深く感じられる場所です。チェンライからは少し距離がありますが、車で行ける範囲の貴重な世界遺産です。遺跡公園内は非常に平坦で整備されており、トラム（巡回バス）や電動カート、レンタサイクルを利用して楽に回ることができるため、足腰に不安のあるシニア世代でも安心して観光を楽しめます。

## 🛒 特産品・キーワード
- **世界遺産**
    - ユネスコに認定された、人類共通の宝物である貴重な歴史的建造物群を指します。
- **遺跡**
    - かつての王朝の繁栄を物語る、レンガ造りの寺院や仏塔などの歴史的遺構のことです。

## 📝 エリア総括
チェンライから南に位置するスコータイは、タイ族による最初の独立国家が誕生した、歴史的に非常に重要なエリアです。ランナー文化とは一線を画す「スコータイ様式」の優美な仏像や建築様式が見どころです。広大な遺跡公園は緑豊かで美しく、電動カート等のインフラが整っているため、シニア層でも無理なく、ゆったりとした時間を過ごすことができます。チェンライからは片道5時間半以上を要するため、日帰りは避け、中1日を観光に充てられる2泊3日程度のスケジュールでの訪問が、体力的にも精神的にも最適です。"