ID	名称	画像ファイル	検索語	Commonsファイル名	出典ページ	作者	ライセンス	ライセンスURL	利用条件	画像区分
1	プーレー・パイナップル (Sapparot Phu Lae)	001.jpg	intitle:pineapple fruit	Pineapple victoria dsc07770.jpg	https://commons.wikimedia.org/wiki/File:Pineapple_victoria_dsc07770.jpg	David Monniaux	CC BY-SA 3.0	http://creativecommons.org/licenses/by-sa/3.0/	Creative Commons Attribution-Share Alike 3.0	検索語に基づく参考写真
2	ナーンレー・パイナップル (Sapparot Nang Lae)	002.jpg	intitle:pineapple Thailand	Pineapple farm in Thailand.JPG	https://commons.wikimedia.org/wiki/File:Pineapple_farm_in_Thailand.JPG	Gunnery Sgt. Jose A. Garcia, US Marine Corps	Public domain		Public domain	検索語に基づく参考写真
3	ドイトゥン・マカダミアナッツ	003.jpg	intitle:macadamia nuts	Macadamia nuts on tree.JPG	https://commons.wikimedia.org/wiki/File:Macadamia_nuts_on_tree.JPG	MorePix	CC BY-SA 3.0	https://creativecommons.org/licenses/by-sa/3.0	Creative Commons Attribution-Share Alike 3.0	検索語に基づく参考写真
4	ライチ (パン・ホンアイ種)	004.jpg	File:ARS Litchi chinensis.jpg	ARS Litchi chinensis.jpg	https://commons.wikimedia.org/wiki/File:ARS_Litchi_chinensis.jpg	Peggy Greb, USDA ARS	Public domain		Public domain	対象を個別確認した写真
5	アボカド (北タイ種)	005.jpg	intitle:avocado fruit	A plate of health food. Steamed pumpkin, avocado, posho, and greens.jpg	https://commons.wikimedia.org/wiki/File:A_plate_of_health_food._Steamed_pumpkin,_avocado,_posho,_and_greens.jpg	Shafiq Kayondo	CC BY-SA 4.0	https://creativecommons.org/licenses/by-sa/4.0	Creative Commons Attribution-Share Alike 4.0	検索語に基づく参考写真
6	マクウェン (Makwaen)	006.jpg	intitle:Zanthoxylum spice	花椒 Zanthoxylum.jpg	https://commons.wikimedia.org/wiki/File:%E8%8A%B1%E6%A4%92_Zanthoxylum.jpg	Chameleon (talk · contribs)	Public domain		Public domain	検索語に基づく参考写真
7	ドーク・ギウ (Dok Ngiw)	007.jpg	intitle:Bombax ceiba flower	Bombax ceiba Flower in Lantau island, Hong Kong.JPG	https://commons.wikimedia.org/wiki/File:Bombax_ceiba_Flower_in_Lantau_island,_Hong_Kong.JPG	Earth100	CC BY-SA 3.0	https://creativecommons.org/licenses/by-sa/3.0	Creative Commons Attribution-Share Alike 3.0	検索語に基づく参考写真
8	ヘット・トープ (Puffball Mushroom)	008.jpg	intitle:puffball mushroom	Lycoperdon utriforme, Mosaic Puffball 2010 G1.jpg	https://commons.wikimedia.org/wiki/File:Lycoperdon_utriforme,_Mosaic_Puffball_2010_G1.jpg	George Chernilevsky	Public domain		Public domain	検索語に基づく参考写真
9	ゲーン・ハンレー (Kaeng Hang Le)	009.jpg	File:แกงฮังเล ที่ หลู้ลำ.jpg	แกงฮังเล ที่ หลู้ลำ.jpg	https://commons.wikimedia.org/wiki/File:%E0%B9%81%E0%B8%81%E0%B8%87%E0%B8%AE%E0%B8%B1%E0%B8%87%E0%B9%80%E0%B8%A5_%E0%B8%97%E0%B8%B5%E0%B9%88_%E0%B8%AB%E0%B8%A5%E0%B8%B9%E0%B9%89%E0%B8%A5%E0%B8%B3.jpg	Chainwit.	CC BY-SA 4.0	https://creativecommons.org/licenses/by-sa/4.0	Creative Commons Attribution-Share Alike 4.0	対象を個別確認した写真
10	カオ・ラム・フン (Khao Ram Fuen)	010.jpg	intitle:chickpea tofu	Fried Chickpea Tofu.jpg	https://commons.wikimedia.org/wiki/File:Fried_Chickpea_Tofu.jpg	Theinga Ye Thway	CC0	http://creativecommons.org/publicdomain/zero/1.0/deed.en	Creative Commons Zero, Public Domain Dedication	検索語に基づく参考写真
11	カオ・ガン・ジン (Khao Kan Jin)	011.jpg	intitle:Khao kan chin	2013 Khao kan chin.jpg	https://commons.wikimedia.org/wiki/File:2013_Khao_kan_chin.jpg	Takeaway	CC BY-SA 3.0	https://creativecommons.org/licenses/by-sa/3.0	Creative Commons Attribution-Share Alike 3.0	検索語に基づく参考写真
12	チン・ソム (Chin Som / Naem)	012.jpg	File:Chin som mok.JPG	Chin som mok.JPG	https://commons.wikimedia.org/wiki/File:Chin_som_mok.JPG	Takeaway	CC BY-SA 3.0	https://creativecommons.org/licenses/by-sa/3.0	Creative Commons Attribution-Share Alike 3.0	対象を個別確認した写真
13	サイウア (Sai Ua)	013.jpg	File:Sai ua.JPG	Sai ua.JPG	https://commons.wikimedia.org/wiki/File:Sai_ua.JPG	Takeaway	CC BY-SA 3.0	https://creativecommons.org/licenses/by-sa/3.0	Creative Commons Attribution-Share Alike 3.0	対象を個別確認した写真
14	ナムプリック・ヌム (Nam Phrik Num)	014.jpg	intitle:Nam phrik num	Nam phrik num.jpg	https://commons.wikimedia.org/wiki/File:Nam_phrik_num.jpg	Takeaway	CC BY-SA 3.0	https://creativecommons.org/licenses/by-sa/3.0	Creative Commons Attribution-Share Alike 3.0	検索語に基づく参考写真
15	ナムプリック・オン (Nam Phrik Ong)	015.jpg	intitle:Nam phrik ong	Nam phrik ong.jpg	https://commons.wikimedia.org/wiki/File:Nam_phrik_ong.jpg	Takeaway	CC BY-SA 3.0	https://creativecommons.org/licenses/by-sa/3.0	Creative Commons Attribution-Share Alike 3.0	検索語に基づく参考写真
16	ケープ・ムー (Khaep Mu)	016.jpg	File:Khaep mu.jpg	Khaep mu.jpg	https://commons.wikimedia.org/wiki/File:Khaep_mu.jpg	Takeaway	CC BY-SA 3.0	https://creativecommons.org/licenses/by-sa/3.0/	Attribution-ShareAlike	ケープ・ムー（豚皮の揚げ物）の個別写真
17	パック・チェンダー (Phak Chiangda)	017.jpg	File:Gymnema inodorum Blanco2.402.jpg	Gymnema inodorum Blanco2.402.jpg	https://commons.wikimedia.org/wiki/File:Gymnema_inodorum_Blanco2.402.jpg	Francisco Manuel Blanco (O.S.A.)	Public domain		Public domain	対象を個別確認した写真
18	カオ・ソーイ・ノイ (Khao Soi Noi)	018.jpg	intitle:Shan noodle	Shan noodle with bean gravy sold on Mae Salong.jpg	https://commons.wikimedia.org/wiki/File:Shan_noodle_with_bean_gravy_sold_on_Mae_Salong.jpg	(WT-en) Kokwei at English Wikivoyage	Public domain		Public domain	検索語に基づく参考写真
19	ウーロン茶 No.12 (Jin Xuan)	019.jpg	intitle:Jin Xuan tea	Jin Xuan oolong tea.jpg	https://commons.wikimedia.org/wiki/File:Jin_Xuan_oolong_tea.jpg	Difference engine	CC BY-SA 4.0	https://creativecommons.org/licenses/by-sa/4.0	Creative Commons Attribution-Share Alike 4.0	検索語に基づく参考写真
20	ウーロン茶 No.17 (Ruan Zhi)	020.jpg	intitle:oolong tea	Oolong tea leaf.jpg	https://commons.wikimedia.org/wiki/File:Oolong_tea_leaf.jpg	Suguri F（すぐり）	CC BY-SA 3.0	http://creativecommons.org/licenses/by-sa/3.0/	Creative Commons Attribution-Share Alike 3.0	検索語に基づく参考写真
21	コーヒーの花茶 (Coffee Blossom Tea)	021.jpg	intitle:coffee flower	Coffee flower smallbee.JPG	https://commons.wikimedia.org/wiki/File:Coffee_flower_smallbee.JPG	Noblevmy at Malayalam Wikipedia	CC BY 2.5	https://creativecommons.org/licenses/by/2.5	Creative Commons Attribution 2.5	検索語に基づく参考写真
22	カスカラ (Cascara / Coffee Cherry Tea)	022.jpg	File:Cascara, Coffee cherry tea-6447.jpg	Cascara, Coffee cherry tea-6447.jpg	https://commons.wikimedia.org/wiki/File:Cascara,_Coffee_cherry_tea-6447.jpg	Raimond Spekking	CC BY-SA 4.0	https://creativecommons.org/licenses/by-sa/4.0	Creative Commons Attribution-Share Alike 4.0	対象を個別確認した写真
23	ドイ・パンコン・コーヒー豆	023.jpg	intitle:coffee beans	Roasted coffee beans.jpg	https://commons.wikimedia.org/wiki/File:Roasted_coffee_beans.jpg	MarkSweep	Public domain		Public domain	検索語に基づく参考写真
24	古樹茶 (Ancient Tea)	024.jpg	File:Camellia sinensis MHNT.BOT.2016.12.24.jpg	Camellia sinensis MHNT.BOT.2016.12.24.jpg	https://commons.wikimedia.org/wiki/File:Camellia_sinensis_MHNT.BOT.2016.12.24.jpg	Roger Culos	CC BY-SA 3.0	https://creativecommons.org/licenses/by-sa/3.0	Creative Commons Attribution-Share Alike 3.0	対象分野に関連する参考写真
25	銀毫 (Silver Needle)	025.jpg	intitle:silver needle tea	Meepitiya-White tea-Silver Tips.jpg	https://commons.wikimedia.org/wiki/File:Meepitiya-White_tea-Silver_Tips.jpg	WJ Houtman	CC BY-SA 3.0	https://creativecommons.org/licenses/by-sa/3.0	Creative Commons Attribution-Share Alike 3.0	検索語に基づく参考写真
26	ドイ・ディン・ダン陶器 (Doi Din Dang)	026.jpg	File:Pottery at Bangkok National Museum.jpg	Pottery at Bangkok National Museum.jpg	https://commons.wikimedia.org/wiki/File:Pottery_at_Bangkok_National_Museum.jpg	Thanapas.som	CC BY-SA 4.0	https://creativecommons.org/licenses/by-sa/4.0	Creative Commons Attribution-Share Alike 4.0	対象分野に関連する参考写真
27	タイ・ルー族の織物 (Tai Lue Textile)	027.jpg	File:Detail of Tai Lue Weaving - Lanna Folklife Museum - Chiang Mai - Thailand - 02 (35137982155).jpg	Detail of Tai Lue Weaving - Lanna Folklife Museum - Chiang Mai - Thailand - 02 (35137982155).jpg	https://commons.wikimedia.org/wiki/File:Detail_of_Tai_Lue_Weaving_-_Lanna_Folklife_Museum_-_Chiang_Mai_-_Thailand_-_02_(35137982155).jpg	Adam Jones from Kelowna, BC, Canada	CC BY-SA 2.0	https://creativecommons.org/licenses/by-sa/2.0	Creative Commons Attribution-Share Alike 2.0	対象を個別確認した写真
28	サー紙 (Saa Paper)	028.jpg	File:Thailand Paper-Making (706841150).jpg	Thailand Paper-Making (706841150).jpg	https://commons.wikimedia.org/wiki/File:Thailand_Paper-Making_(706841150).jpg	Steve Evans from Citizen of the World	CC BY 2.0	https://creativecommons.org/licenses/by/2.0	Creative Commons Attribution 2.0	対象を個別確認した写真
29	アカ族の頭飾り/刺繍 (Akha Headdress)	029.jpg	intitle:Akha headdress	Akha Smile for 16 Baht.jpg	https://commons.wikimedia.org/wiki/File:Akha_Smile_for_16_Baht.jpg	Adam Baker	CC BY 2.0	https://creativecommons.org/licenses/by/2.0	Creative Commons Attribution 2.0	検索語に基づく参考写真
30	竹細工のカゴ/ザル (Bamboo Basketry)	030.jpg	intitle:bamboo basket	A view of bamboo basket making.JPG	https://commons.wikimedia.org/wiki/File:A_view_of_bamboo_basket_making.JPG	Thamizhpparithi Maari	CC BY-SA 3.0	https://creativecommons.org/licenses/by-sa/3.0	Creative Commons Attribution-Share Alike 3.0	検索語に基づく参考写真
31	カレン族の銀細工 (Karen Silver)	031.jpg	File:Tribes woman with ear piercing.jpg	Tribes woman with ear piercing.jpg	https://commons.wikimedia.org/wiki/File:Tribes_woman_with_ear_piercing.jpg	Steve Evans from India and USA	CC BY 2.0	https://creativecommons.org/licenses/by/2.0	Creative Commons Attribution 2.0	対象分野に関連する参考写真
32	トゥン (Tung / Lanna Flag)	032.jpg	File:Mangrai Monument.jpg	Mangrai Monument.jpg	https://commons.wikimedia.org/wiki/File:Mangrai_Monument.jpg	Thanyakij at Thai Wikipedia	Public domain		Public domain	対象分野に関連する参考写真
33	ヤーム (Yaam / Shoulder Bag)	033.jpg	intitle:Thai shoulder bag	Woman's clothing, Lahu Nyi people, with shoulder bag, Lahu Na people, Northern Thailand, collected in 1986 - Ethnological Museum, Berlin - DSC01410.JPG	https://commons.wikimedia.org/wiki/File:Woman%27s_clothing,_Lahu_Nyi_people,_with_shoulder_bag,_Lahu_Na_people,_Northern_Thailand,_collected_in_1986_-_Ethnological_Museum,_Berlin_-_DSC01410.JPG	Daderot	CC0	http://creativecommons.org/publicdomain/zero/1.0/deed.en	Creative Commons Zero, Public Domain Dedication	検索語に基づく参考写真
34	ほうき草の座敷箒 (Grass Broom)	034.jpg	intitle:grass broom	Broom soft-grass stem.jpg	https://commons.wikimedia.org/wiki/File:Broom_soft-grass_stem.jpg	Sengai Podhuvan	CC BY-SA 3.0	https://creativecommons.org/licenses/by-sa/3.0	Creative Commons Attribution-Share Alike 3.0	検索語に基づく参考写真
35	竹炭・木酢液 (Bamboo Charcoal)	035.jpg	intitle:bamboo charcoal	Bamboo charcoal.jpg	https://commons.wikimedia.org/wiki/File:Bamboo_charcoal.jpg	Mk2010	CC BY-SA 3.0	https://creativecommons.org/licenses/by-sa/3.0	Creative Commons Attribution-Share Alike 3.0	検索語に基づく参考写真
36	ロット・ドゥアン (Bamboo Worm)	036.jpg	File:Fried bamboo worm (L) and crickets (R) (14351612163).jpg	Fried bamboo worm (L) and crickets (R) (14351612163).jpg	https://commons.wikimedia.org/wiki/File:Fried_bamboo_worm_(L)_and_crickets_(R)_(14351612163).jpg	shankar s. from Dubai, united arab emirates	CC BY 2.0	https://creativecommons.org/licenses/by/2.0	Creative Commons Attribution 2.0	対象を個別確認した写真
37	カイ・モット・デーン (Red Ant Eggs)	037.jpg	File:2017 0418 Khai chiao khai mot daeng.jpg	2017 0418 Khai chiao khai mot daeng.jpg	https://commons.wikimedia.org/wiki/File:2017_0418_Khai_chiao_khai_mot_daeng.jpg	Takeaway	CC BY-SA 4.0	https://creativecommons.org/licenses/by-sa/4.0	Creative Commons Attribution-Share Alike 4.0	対象を個別確認した写真
38	パック・ワーン・パー (Melientha)	038.jpg	intitle:Melientha	Melientha suavis.jpg	https://commons.wikimedia.org/wiki/File:Melientha_suavis.jpg	Rau sắng.jpg: Viethavvh derivative work: Phó Nháy (talk)	CC BY-SA 3.0	https://creativecommons.org/licenses/by-sa/3.0	Creative Commons Attribution-Share Alike 3.0	検索語に基づく参考写真
39	ナム・プー (Nam Pu)	039.jpg	File:Tam som-o nam pu.JPG	Tam som-o nam pu.JPG	https://commons.wikimedia.org/wiki/File:Tam_som-o_nam_pu.JPG	Takeaway	CC BY-SA 3.0	https://creativecommons.org/licenses/by-sa/3.0	Creative Commons Attribution-Share Alike 3.0	対象を個別確認した写真
40	プラ・ソム (Pla Som)	040.jpg	File:Barbonymus gonionotus-Pla som861.jpg	Barbonymus gonionotus-Pla som861.jpg	https://commons.wikimedia.org/wiki/File:Barbonymus_gonionotus-Pla_som861.jpg	Xufanc	CC BY-SA 3.0	https://creativecommons.org/licenses/by-sa/3.0	Creative Commons Attribution-Share Alike 3.0	対象を個別確認した写真
41	カオ・プック (Khao Puk Nga)	041.jpg	File:Khao puk nga.jpg	Khao puk nga.jpg	https://commons.wikimedia.org/wiki/File:Khao_puk_nga.jpg	Phoebus 28	CC BY-SA 4.0	https://creativecommons.org/licenses/by-sa/4.0	Creative Commons Attribution-Share Alike 4.0	対象を個別確認した写真
42	カオ・クワップ (Khao Kwup)	042.jpg	File:20171111 Ciastka ryżowe Luang Prabang 1189 DxO.jpg	20171111 Ciastka ryżowe Luang Prabang 1189 DxO.jpg	https://commons.wikimedia.org/wiki/File:20171111_Ciastka_ry%C5%BCowe_Luang_Prabang_1189_DxO.jpg	Jakub Hałun	CC BY-SA 4.0	https://creativecommons.org/licenses/by-sa/4.0	Creative Commons Attribution-Share Alike 4.0	対象分野に関連する参考写真
43	カノム・ジョック (Khanom Jok)	043.jpg	File:93 - IMG 20150903 103655.jpg	93 - IMG 20150903 103655.jpg	https://commons.wikimedia.org/wiki/File:93_-_IMG_20150903_103655.jpg	Susan Slater	CC BY-SA 4.0	https://creativecommons.org/licenses/by-sa/4.0	Creative Commons Attribution-Share Alike 4.0	対象を個別確認した写真
44	ミヤン (Miang / Fermented Tea Leaf)	044.jpg	File:Darjeeling, India, Fermented tea leaves.jpg	Darjeeling, India, Fermented tea leaves.jpg	https://commons.wikimedia.org/wiki/File:Darjeeling,_India,_Fermented_tea_leaves.jpg	Vyacheslav Argenberg	CC BY 4.0	https://creativecommons.org/licenses/by/4.0	Creative Commons Attribution 4.0	対象分野に関連する参考写真
45	カオ・タン (Khao Tan)	045.jpg	File:Rice crackers.jpg	Rice crackers.jpg	https://commons.wikimedia.org/wiki/File:Rice_crackers.jpg	Tiia Monto	CC BY-SA 4.0	https://creativecommons.org/licenses/by-sa/4.0	Creative Commons Attribution-Share Alike 4.0	対象分野に関連する参考写真
46	ケープ・グースベリー (Cape Gooseberry)	046.jpg	File:Cape gooseberry.jpg	Cape gooseberry.jpg	https://commons.wikimedia.org/wiki/File:Cape_gooseberry.jpg	Manojkumar Subramani	CC BY-SA 4.0	https://creativecommons.org/licenses/by-sa/4.0	Creative Commons Attribution-Share Alike 4.0	対象を個別確認した写真
47	パッションフルーツ (Passion Fruit)	047.jpg	File:Passion fruits.jpg	Passion fruits.jpg	https://commons.wikimedia.org/wiki/File:Passion_fruits.jpg	Ben3john	CC BY-SA 3.0	https://creativecommons.org/licenses/by-sa/3.0	Creative Commons Attribution-Share Alike 3.0	対象を個別確認した写真
48	マルベリー (Mulberry)	048.jpg	File:Mulberry fruit (1).jpg	Mulberry fruit (1).jpg	https://commons.wikimedia.org/wiki/File:Mulberry_fruit_(1).jpg	Fumikas Sagisavas	CC0	http://creativecommons.org/publicdomain/zero/1.0/deed.en	Creative Commons Zero, Public Domain Dedication	対象を個別確認した写真
49	チェンライ産はちみつ (Wild Honey)	049.jpg	File:Jars of Honey.jpg	Jars of Honey.jpg	https://commons.wikimedia.org/wiki/File:Jars_of_Honey.jpg	Alabama Extension	CC0	http://creativecommons.org/publicdomain/zero/1.0/deed.en	Creative Commons Zero, Public Domain Dedication	対象を個別確認した写真
50	ロイヤルプロジェクト・イチゴ (Strawberry 80)	050.jpg	File:Fresh strawberries.jpg	Fresh strawberries.jpg	https://commons.wikimedia.org/wiki/File:Fresh_strawberries.jpg	Nutrition, Food Safety &amp; Health	CC0	http://creativecommons.org/publicdomain/zero/1.0/deed.en	Creative Commons Zero, Public Domain Dedication	対象を個別確認した写真
